set,source,n,classes,resolved,collision_graphs,collision_rate,largest_class,residual_bits,identity_bits
all_n8,deck:itself,13598,13597,False,2,0.00014708045300779526,2,0.00014708045300779526,13.731106854388033
all_n8,deck:n,13598,8,False,13597,0.9999264597734961,12346,13.210067995701488,13.731106854388033
all_n8,deck:m,13598,1705,False,12905,0.9490366230327989,184,4.521136887983544,13.731106854388033
all_n8,deck:deg_seq,13598,11018,False,4362,0.3207824680100015,9,0.442815938054033,13.731106854388033
all_n8,deck:edge_types,13598,13556,False,84,0.006177379026327401,2,0.006177379026327401,13.731106854388033
all_n8,deck:comp_sizes,13598,518,False,13232,0.9730842770995735,7123,10.44552843166687,13.731106854388033
all_n8,deck:n_comp,13598,241,False,13482,0.9914693337255479,7123,10.847700167604321,13.731106854388033
all_n8,deck:max_deg,13598,151,False,13551,0.9965436093543169,1814,8.834755101926266,13.731106854388033
all_n8,deck:min_deg,13598,151,False,13551,0.9965436093543169,1814,8.834755101926266,13.731106854388033
all_n8,deck:n_leaves,13598,542,False,13391,0.9847771731136932,2764,8.609302639149906,13.731106854388033
all_n8,deck:tri,13598,2423,False,12175,0.8953522576849536,614,4.7600945314484475,13.731106854388033
all_n8,deck:clique,13598,78,False,13573,0.9981614943374025,3128,10.00182842002353,13.731106854388033
all_n8,deck:indep,13598,78,False,13573,0.9981614943374025,3128,10.00182842002353,13.731106854388033
all_n8,deck:chrom,13598,95,False,13569,0.997867333431387,3232,9.83047507666715,13.731106854388033
all_n8,deck:girth,13598,136,False,13557,0.9969848507133402,9043,11.255059968317466,13.731106854388033
all_n8,deck:n_bridges,13598,1064,False,13223,0.9724224150610384,2721,7.626380454081536,13.731106854388033
all_n8,deck:n_cut,13598,443,False,13429,0.9875717017208413,2582,8.492654449360378,13.731106854388033
all_n8,deck:bipartite,13598,35,False,13593,0.9996322988674805,9546,11.92975110379967,13.731106854388033
all_n8,deck:forest,13598,37,False,13595,0.9997793793204883,11145,12.469713617902057,13.731106854388033
all_n8,deck:biconnected,13598,33,False,13594,0.9997058390939844,2786,10.562570946378713,13.731106854388033
all_n8,deck:diam,13598,273,False,13522,0.9944109427857037,2025,8.61950321768277,13.731106854388033
all_n8,deck:ecc_seq,13598,4288,False,11091,0.8156346521547286,177,3.0532627405978134,13.731106854388033
all_n8,deck:dist_dist,13598,10636,False,4220,0.310339755846448,37,0.6548269751298209,13.731106854388033
all_n8,deck:max_match,13598,60,False,13579,0.998602735696426,10843,12.187124851956181,13.731106854388033
all_n8,deck:match_poly,13598,13505,False,186,0.013678482129724959,2,0.01367848212972496,13.731106854388033
all_n8,deck:n_perfect_match,13598,371,False,13395,0.9850713340197088,12346,12.62468461515336,13.731106854388033
all_n8,deck:taus,13598,12158,False,1910,0.14046183262244447,376,0.4782443738252878,13.731106854388033
all_n8,deck:sombor,13598,13556,False,84,0.006177379026327401,2,0.006177379026327401,13.731106854388033
all_n8,deck:sombor_inv,13598,13546,False,103,0.007574643329901456,3,0.007703698154299417,13.731106854388033
all_n8,deck:sombor_sq,13598,10998,False,4392,0.3229886748051184,9,0.4465641280018734,13.731106854388033
all_n8,deck:sombor_red,13598,13346,False,483,0.03551992940138256,5,0.03843714446980411,13.731106854388033
all_n8,deck:randic,13598,13546,False,103,0.007574643329901456,3,0.007703698154299417,13.731106854388033
all_n8,deck:abc,13598,13342,False,490,0.03603471098690984,5,0.03908098087972934,13.731106854388033
all_n8,deck:m1,13598,10917,False,4498,0.33078393881453155,9,0.46322550098870996,13.731106854388033
all_n8,deck:m2,13598,13552,False,92,0.006765700838358583,2,0.006765700838358583,13.731106854388033
all_n8,deck:forgotten,13598,10998,False,4392,0.3229886748051184,9,0.4465641280018734,13.731106854388033
all_n8,deck:harmonic,13598,13543,False,109,0.008015884688924842,3,0.008144939513322803,13.731106854388033
all_n8,deck:ga,13598,13556,False,84,0.006177379026327401,2,0.006177379026327401,13.731106854388033
all_n8,deck:sum_conn,13598,13556,False,84,0.006177379026327401,2,0.006177379026327401,13.731106854388033
all_n8,deck:isi,13598,13556,False,84,0.006177379026327401,2,0.006177379026327401,13.731106854388033
all_n8,deck:az,13598,13342,False,490,0.03603471098690984,5,0.03908098087972934,13.731106854388033
all_n8,deck:adj_spec,13598,13597,False,2,0.00014708045300779526,2,0.00014708045300779526,13.731106854388033
all_n8,deck:lap_spec,13598,13597,False,2,0.00014708045300779526,2,0.00014708045300779526,13.731106854388033
all_n8,deck:q_spec,13598,13597,False,2,0.00014708045300779526,2,0.00014708045300779526,13.731106854388033
all_n8,deck:adj_charpoly,13598,13597,False,2,0.00014708045300779526,2,0.00014708045300779526,13.731106854388033
all_n8,deck:lap_charpoly,13598,13597,False,2,0.00014708045300779526,2,0.00014708045300779526,13.731106854388033
all_n8,deck:energy,13598,13589,False,17,0.0012501838505662598,3,0.0013792386749642202,13.731106854388033
all_n8,deck:spectral_radius,13598,13370,False,412,0.030298573319605823,8,0.036886893295995066,13.731106854388033
all_n8,deck:wiener,13598,10133,False,4917,0.36159729371966465,37,0.767339347759046,13.731106854388033
all_n8,graph:n,13598,8,False,13597,0.9999264597734961,12346,13.210067995701488,13.731106854388033
all_n8,graph:m,13598,29,False,13596,0.9998529195469922,1712,9.969599936058005,13.731106854388033
all_n8,graph:deg_seq,13598,1706,False,12903,0.9488895425797912,184,4.520989807530537,13.731106854388033
all_n8,graph:edge_types,13598,5590,False,10890,0.8008530666274453,33,1.7891590238202992,13.731106854388033
all_n8,graph:comp_sizes,13598,66,False,13574,0.9982350345639065,11117,12.517914866374854,13.731106854388033
all_n8,graph:n_comp,13598,8,False,13597,0.9999264597734961,12113,13.135918142852427,13.731106854388033
all_n8,graph:max_deg,13598,8,False,13598,1.0,5281,11.68459038135291,13.731106854388033
all_n8,graph:min_deg,13598,8,False,13597,0.9999264597734961,5283,11.740958466422585,13.731106854388033
all_n8,graph:n_leaves,13598,9,False,13597,0.9999264597734961,8738,12.305310795651295,13.731106854388033
all_n8,graph:tri,13598,45,False,13592,0.9995587586409767,1352,9.522038272687984,13.731106854388033
all_n8,graph:clique,13598,8,False,13597,0.9999264597734961,6700,12.186171066928036,13.731106854388033
all_n8,graph:indep,13598,8,False,13597,0.9999264597734961,6700,12.186171066928036,13.731106854388033
all_n8,graph:chrom,13598,8,False,13597,0.9999264597734961,6404,12.208294038641721,13.731106854388033
all_n8,graph:girth,13598,7,False,13597,0.9999264597734961,13016,13.418703556638345,13.731106854388033
all_n8,graph:n_bridges,13598,8,False,13598,1.0,8686,12.222571924502832,13.731106854388033
all_n8,graph:n_cut,13598,7,False,13597,0.9999264597734961,8432,12.301830759196873,13.731106854388033
all_n8,graph:bipartite,13598,2,False,13598,1.0,13146,13.520717274057759,13.731106854388033
all_n8,graph:forest,13598,2,False,13598,1.0,13443,13.641177404392936,13.731106854388033
all_n8,graph:biconnected,13598,2,False,13598,1.0,7661,12.742733071761968,13.731106854388033
all_n8,graph:diam,13598,8,False,13597,0.9999264597734961,6802,12.266174823328718,13.731106854388033
all_n8,graph:ecc_seq,13598,242,False,13525,0.9946315634652154,3112,9.361363433738722,13.731106854388033
all_n8,graph:dist_dist,13598,555,False,13459,0.9897779085159583,787,7.114868117682754,13.731106854388033
all_n8,graph:max_match,13598,5,False,13598,1.0,10413,12.82450244585424,13.731106854388033
all_n8,graph:match_poly,13598,2936,False,12715,0.9350639799970584,35,2.816860380687064,13.731106854388033
all_n8,graph:n_perfect_match,13598,64,False,13585,0.9990439770554493,3077,9.659916163542222,13.731106854388033
all_n8,graph:taus,13598,3701,False,11508,0.846300926606854,1485,3.672085073008139,13.731106854388033
all_n8,graph:sombor,13598,5577,False,10899,0.8015149286659803,33,1.7934459850230953,13.731106854388033
all_n8,graph:sombor_inv,13598,4904,False,11260,0.8280629504338873,63,2.1609193756743936,13.731106854388033
all_n8,graph:sombor_sq,13598,639,False,13513,0.9937490807471687,186,5.3559797830008495,13.731106854388033
all_n8,graph:sombor_red,13598,5402,False,10995,0.8085747904103545,43,1.8696729196581068,13.731106854388033
all_n8,graph:randic,13598,4856,False,11297,0.8307839388145315,63,2.177408092544614,13.731106854388033
all_n8,graph:abc,13598,5352,False,11013,0.8098985144874247,38,1.8915749450339376,13.731106854388033
all_n8,graph:m1,13598,154,False,13585,0.9990439770554493,312,7.267668351265751,13.731106854388033
all_n8,graph:m2,13598,722,False,13483,0.9915428739520518,79,4.900881557341684,13.731106854388033
all_n8,graph:forgotten,13598,639,False,13513,0.9937490807471687,186,5.3559797830008495,13.731106854388033
all_n8,graph:harmonic,13598,2693,False,12635,0.9291807618767466,77,3.2909122069493235,13.731106854388033
all_n8,graph:ga,13598,5369,False,10997,0.8087218708633622,41,1.88441080277427,13.731106854388033
all_n8,graph:sum_conn,13598,4882,False,11412,0.8392410648624797,33,2.049090052817803,13.731106854388033
all_n8,graph:isi,13598,5204,False,11180,0.8221797323135756,33,1.9152535039785274,13.731106854388033
all_n8,graph:az,13598,5355,False,11010,0.8096778938079129,38,1.8907304132310723,13.731106854388033
all_n8,graph:adj_spec,13598,12643,False,1844,0.13560817767318722,4,0.14434210362676841,13.731106854388033
all_n8,graph:lap_spec,13598,12580,False,1901,0.1397999705839094,6,0.15841401489821605,13.731106854388033
all_n8,graph:q_spec,13598,12907,False,1325,0.09744080011766436,4,0.10519348893776313,13.731106854388033
all_n8,graph:adj_charpoly,13598,12643,False,1844,0.13560817767318722,4,0.14434210362676841,13.731106854388033
all_n8,graph:lap_charpoly,13598,12580,False,1901,0.1397999705839094,6,0.15841401489821605,13.731106854388033
all_n8,graph:energy,13598,11030,False,4232,0.31122223856449477,41,0.48063456219134154,13.731106854388033
all_n8,graph:spectral_radius,13598,10346,False,4865,0.357773201941462,75,0.7180957165909232,13.731106854388033
all_n8,graph:wiener,13598,80,False,13593,0.9996322988674805,1036,8.75554487998703,13.731106854388033
conn_n8,deck:itself,12113,12113,True,0,0.0,1,0.0,13.564268597935511
conn_n8,deck:n,12113,8,False,12111,0.9998348881367126,11117,13.092969377912324,13.564268597935511
conn_n8,deck:m,12113,1196,False,11704,0.9662346239577314,184,4.783920805248971,13.564268597935511
conn_n8,deck:deg_seq,12113,9654,False,4139,0.3416990010732271,9,0.47568415059086694,13.564268597935511
conn_n8,deck:edge_types,12113,12073,False,80,0.006604474531495088,2,0.006604474531495089,13.564268597935511
conn_n8,deck:comp_sizes,12113,226,False,11972,0.9883596136382399,7123,11.070454766492276,13.564268597935511
conn_n8,deck:n_comp,12113,76,False,12085,0.9976884339139768,7123,11.444320542745734,13.564268597935511
conn_n8,deck:max_deg,12113,106,False,12092,0.9982663254354825,1754,8.856696035773425,13.564268597935511
conn_n8,deck:min_deg,12113,118,False,12077,0.9970279864608272,1807,8.982553528672952,13.564268597935511
conn_n8,deck:n_leaves,12113,383,False,11987,0.9895979526128952,2589,8.739672715559735,13.564268597935511
conn_n8,deck:tri,12113,2423,False,10684,0.882027573681169,493,4.386610323649884,13.564268597935511
conn_n8,deck:clique,12113,66,False,12093,0.9983488813671262,2931,9.921896147807754,13.564268597935511
conn_n8,deck:indep,12113,60,False,12093,0.9983488813671262,3086,10.046784367924795,13.564268597935511
conn_n8,deck:chrom,12113,83,False,12087,0.9978535457772642,3018,9.756392787704444,13.564268597935511
conn_n8,deck:girth,12113,136,False,12066,0.9961198712127466,8442,11.327821199433997,13.564268597935511
conn_n8,deck:n_bridges,12113,847,False,11826,0.9763064476182614,2549,7.73394693630689,13.564268597935511
conn_n8,deck:n_cut,12113,427,False,11943,0.9859654916205729,2388,8.422548728465987,13.564268597935511
conn_n8,deck:bipartite,12113,35,False,12104,0.9992569966152068,8909,11.949379536050545,13.564268597935511
conn_n8,deck:forest,12113,37,False,12104,0.9992569966152068,10308,12.52565396903396,13.564268597935511
conn_n8,deck:biconnected,12113,33,False,12107,0.9995046644101379,2388,10.399189495233516,13.564268597935511
conn_n8,deck:diam,12113,238,False,12044,0.9943036407165855,1864,8.562658463575692,13.564268597935511
conn_n8,deck:ecc_seq,12113,3268,False,10395,0.858168909436143,177,3.3236490327376944,13.564268597935511
conn_n8,deck:dist_dist,12113,9261,False,4039,0.33344340790885824,37,0.7133272921163324,13.564268597935511
conn_n8,deck:max_match,12113,36,False,12104,0.9992569966152068,10297,12.432025700629083,13.564268597935511
conn_n8,deck:match_poly,12113,12023,False,180,0.014860067695863947,2,0.014860067695863914,13.564268597935511
conn_n8,deck:n_perfect_match,12113,351,False,11918,0.9839015933294807,11117,12.541113646147142,13.564268597935511
conn_n8,deck:taus,12113,11677,False,748,0.06175183686947907,8,0.08334008660078829,13.564268597935511
conn_n8,deck:sombor,12113,12073,False,80,0.006604474531495088,2,0.006604474531495089,13.564268597935511
conn_n8,deck:sombor_inv,12113,12073,False,80,0.006604474531495088,2,0.006604474531495089,13.564268597935511
conn_n8,deck:sombor_sq,12113,9634,False,4169,0.34417567902253776,9,0.4798918519786923,13.564268597935511
conn_n8,deck:sombor_red,12113,12072,False,82,0.006769586394782465,2,0.0067695863947824664,13.564268597935511
conn_n8,deck:randic,12113,12073,False,80,0.006604474531495088,2,0.006604474531495089,13.564268597935511
conn_n8,deck:abc,12113,12070,False,86,0.007099810121357219,2,0.007099810121357221,13.564268597935511
conn_n8,deck:m1,12113,9553,False,4275,0.35292660777676876,9,0.4985958352920736,13.564268597935511
conn_n8,deck:m2,12113,12073,False,80,0.006604474531495088,2,0.006604474531495089,13.564268597935511
conn_n8,deck:forgotten,12113,9634,False,4169,0.34417567902253776,9,0.4798918519786923,13.564268597935511
conn_n8,deck:harmonic,12113,12073,False,80,0.006604474531495088,2,0.006604474531495089,13.564268597935511
conn_n8,deck:ga,12113,12073,False,80,0.006604474531495088,2,0.006604474531495089,13.564268597935511
conn_n8,deck:sum_conn,12113,12073,False,80,0.006604474531495088,2,0.006604474531495089,13.564268597935511
conn_n8,deck:isi,12113,12073,False,80,0.006604474531495088,2,0.006604474531495089,13.564268597935511
conn_n8,deck:az,12113,12070,False,86,0.007099810121357219,2,0.007099810121357221,13.564268597935511
conn_n8,deck:adj_spec,12113,12113,True,0,0.0,1,0.0,13.564268597935511
conn_n8,deck:lap_spec,12113,12113,True,0,0.0,1,0.0,13.564268597935511
conn_n8,deck:q_spec,12113,12113,True,0,0.0,1,0.0,13.564268597935511
conn_n8,deck:adj_charpoly,12113,12113,True,0,0.0,1,0.0,13.564268597935511
conn_n8,deck:lap_charpoly,12113,12113,True,0,0.0,1,0.0,13.564268597935511
conn_n8,deck:energy,12113,12113,True,0,0.0,1,0.0,13.564268597935511
conn_n8,deck:spectral_radius,12113,12113,True,0,0.0,1,0.0,13.564268597935511
conn_n8,deck:wiener,12113,8767,False,4723,0.38991166515314124,37,0.837795101949216,13.564268597935511
conn_n8,graph:n,12113,8,False,12111,0.9998348881367126,11117,13.092969377912324,13.564268597935511
conn_n8,graph:m,12113,29,False,12108,0.9995872203417816,1644,9.949126872727613,13.564268597935511
conn_n8,graph:deg_seq,12113,1196,False,11704,0.9662346239577314,184,4.783920805248971,13.564268597935511
conn_n8,graph:edge_types,12113,5426,False,8934,0.7375546933047139,33,1.714556576679034,13.564268597935511
conn_n8,graph:comp_sizes,12113,8,False,12111,0.9998348881367126,11117,13.092969377912324,13.564268597935511
conn_n8,graph:n_comp,12113,1,False,12113,1.0,12113,13.564268597935511,13.564268597935511
conn_n8,graph:max_deg,12113,8,False,12111,0.9998348881367126,4835,11.626280417227525,13.564268597935511
conn_n8,graph:min_deg,12113,8,False,12111,0.9998348881367126,5263,11.856103687354054,13.564268597935511
conn_n8,graph:n_leaves,12113,8,False,12112,0.9999174440683564,8026,12.246059016480068,13.564268597935511
conn_n8,graph:tri,12113,45,False,12107,0.9995046644101379,1180,9.335814614093257,13.564268597935511
conn_n8,graph:clique,12113,8,False,12111,0.9998348881367126,5893,12.059502476822495,13.564268597935511
conn_n8,graph:indep,12113,7,False,12112,0.9999174440683564,6459,12.119306022855016,13.564268597935511
conn_n8,graph:chrom,12113,8,False,12111,0.9998348881367126,5590,12.08428837393918,13.564268597935511
conn_n8,graph:girth,12113,7,False,12112,0.9999174440683564,11756,13.339444336093642,13.564268597935511
conn_n8,graph:n_bridges,12113,8,False,12113,1.0,7981,12.140057224536353,13.564268597935511
conn_n8,graph:n_cut,12113,7,False,12112,0.9999174440683564,7663,12.167701591810138,13.564268597935511
conn_n8,graph:bipartite,12113,2,False,12113,1.0,11859,13.417420278916298,13.564268597935511
conn_n8,graph:forest,12113,2,False,12113,1.0,12065,13.52694352022238,13.564268597935511
conn_n8,graph:biconnected,12113,2,False,12113,1.0,7661,12.615504880062172,13.564268597935511
conn_n8,graph:diam,12113,8,False,12111,0.9998348881367126,6233,12.131953893304692,13.564268597935511
conn_n8,graph:ecc_seq,12113,95,False,12089,0.9980186576405514,3111,9.855795096991123,13.564268597935511
conn_n8,graph:dist_dist,12113,459,False,11935,0.9853050441674235,787,7.359099652246055,13.564268597935511
conn_n8,graph:max_match,12113,5,False,12112,0.9999174440683564,10297,12.904191456817765,13.564268597935511
conn_n8,graph:match_poly,12113,2839,False,11191,0.9238834310245191,32,2.702679518368762,13.564268597935511
conn_n8,graph:n_perfect_match,12113,64,False,12100,0.9989267728886321,1715,9.307363601964697,13.564268597935511
conn_n8,graph:taus,12113,3700,False,10023,0.8274581028646908,106,2.8305692815542516,13.564268597935511
conn_n8,graph:sombor,12113,5426,False,8934,0.7375546933047139,33,1.714556576679034,13.564268597935511
conn_n8,graph:sombor_inv,12113,4901,False,9287,0.766696937174936,61,2.0079892775391706,13.564268597935511
conn_n8,graph:sombor_sq,12113,630,False,12001,0.9907537356559069,186,5.347499603745279,13.564268597935511
conn_n8,graph:sombor_red,12113,5380,False,8964,0.7400313712540246,38,1.7369862316346334,13.564268597935511
conn_n8,graph:randic,12113,4854,False,9342,0.7712375134153389,61,2.0207036574955852,13.564268597935511
conn_n8,graph:abc,12113,5337,False,9029,0.7453975068108644,33,1.7421166974808315,13.564268597935511
conn_n8,graph:m1,12113,152,False,12095,0.9985139932304136,292,7.1865264068643775,13.564268597935511
conn_n8,graph:m2,12113,713,False,11987,0.9895979526128952,72,4.768308245163419,13.564268597935511
conn_n8,graph:forgotten,12113,630,False,12001,0.9907537356559069,186,5.347499603745279,13.564268597935511
conn_n8,graph:harmonic,12113,2693,False,10937,0.9029142243870222,68,3.1649793428519333,13.564268597935511
conn_n8,graph:ga,12113,5328,False,9007,0.7435812763147032,41,1.7576197720560298,13.564268597935511
conn_n8,graph:sum_conn,12113,4788,False,9475,0.7822174523239495,33,1.9656225171527628,13.564268597935511
conn_n8,graph:isi,12113,5085,False,9342,0.7712375134153389,33,1.8112580395266107,13.564268597935511
conn_n8,graph:az,12113,5340,False,9023,0.7449021712210022,33,1.7416213618909697,13.564268597935511
conn_n8,graph:adj_spec,12113,11386,False,1418,0.11706431107075044,4,0.12244174441183772,13.564268597935511
conn_n8,graph:lap_spec,12113,11185,False,1730,0.14282176174358127,6,0.16241391786233944,13.564268597935511
conn_n8,graph:q_spec,12113,11517,False,1139,0.09403120614216132,4,0.10215483468728426,13.564268597935511
conn_n8,graph:adj_charpoly,12113,11386,False,1418,0.11706431107075044,4,0.12244174441183772,13.564268597935511
conn_n8,graph:lap_charpoly,12113,11185,False,1730,0.14282176174358127,6,0.16241391786233944,13.564268597935511
conn_n8,graph:energy,12113,10957,False,2090,0.17254189713530918,22,0.21450352607232545,13.564268597935511
conn_n8,graph:spectral_radius,12113,10346,False,2876,0.23743085940724842,27,0.37525151264802936,13.564268597935511
conn_n8,graph:wiener,12113,78,False,12100,0.9989267728886321,1026,8.902111393272271,13.564268597935511
chem_n8,deck:itself,2391,2391,True,0,0.0,1,0.0,11.223398414711628
chem_n8,deck:n,2391,8,False,2389,0.999163529903806,1929,10.305328530499951,11.223398414711628
chem_n8,deck:m,2391,199,False,2332,0.9753241321622752,117,4.864650065254255,11.223398414711628
chem_n8,deck:deg_seq,2391,1608,False,1237,0.5173567544960268,9,0.813213463499236,11.223398414711628
chem_n8,deck:edge_types,2391,2369,False,44,0.018402342116269343,2,0.01840234211626934,11.223398414711628
chem_n8,deck:comp_sizes,2391,178,False,2283,0.9548306148055207,794,7.135577263698026,11.223398414711628
chem_n8,deck:n_comp,2391,62,False,2370,0.9912170639899623,794,7.900106309186975,11.223398414711628
chem_n8,deck:max_deg,2391,61,False,2374,0.9928900041823505,382,7.183250007093832,11.223398414711628
chem_n8,deck:min_deg,2391,75,False,2370,0.9912170639899623,473,6.811562571732472,11.223398414711628
chem_n8,deck:n_leaves,2391,304,False,2276,0.9519029694688415,193,4.7882262262656985,11.223398414711628
chem_n8,deck:tri,2391,119,False,2366,0.9895441237975743,307,6.1222722185382095,11.223398414711628
chem_n8,deck:clique,2391,39,False,2380,0.9953994144709327,672,7.837396834303354,11.223398414711628
chem_n8,deck:indep,2391,46,False,2379,0.9949811794228356,605,7.542614179833822,11.223398414711628
chem_n8,deck:chrom,2391,50,False,2375,0.9933082392304475,827,7.764258282501581,11.223398414711628
chem_n8,deck:girth,2391,136,False,2343,0.9799247176913425,813,6.739359260895774,11.223398414711628
chem_n8,deck:n_bridges,2391,646,False,2085,0.8720200752823086,154,3.25801040694299,11.223398414711628
chem_n8,deck:n_cut,2391,384,False,2240,0.9368465077373483,159,4.045838875295999,11.223398414711628
chem_n8,deck:bipartite,2391,35,False,2382,0.9962358845671268,1006,8.22918956594187,11.223398414711628
chem_n8,deck:forest,2391,37,False,2382,0.9962358845671268,1539,9.036586409810246,11.223398414711628
chem_n8,deck:biconnected,2391,33,False,2385,0.9974905897114178,686,7.797271889974626,11.223398414711628
chem_n8,deck:diam,2391,196,False,2339,0.9782517774989544,177,5.03532278478686,11.223398414711628
chem_n8,deck:ecc_seq,2391,1537,False,1332,0.5570890840652447,12,0.9208236930402967,11.223398414711628
chem_n8,deck:dist_dist,2391,2274,False,204,0.08531994981179424,6,0.11039418779403698,11.223398414711628
chem_n8,deck:max_match,2391,30,False,2383,0.9966541196152238,1710,9.307167381254338,11.223398414711628
chem_n8,deck:match_poly,2391,2354,False,74,0.03094939355918026,2,0.03094939355918027,11.223398414711628
chem_n8,deck:n_perfect_match,2391,155,False,2315,0.9682141363446257,1929,9.300840450927394,11.223398414711628
chem_n8,deck:taus,2391,2160,False,395,0.16520284399832705,8,0.22484482955664786,11.223398414711628
chem_n8,deck:sombor,2391,2369,False,44,0.018402342116269343,2,0.01840234211626934,11.223398414711628
chem_n8,deck:sombor_inv,2391,2369,False,44,0.018402342116269343,2,0.01840234211626934,11.223398414711628
chem_n8,deck:sombor_sq,2391,1596,False,1254,0.5244667503136763,9,0.8268910981308703,11.223398414711628
chem_n8,deck:sombor_red,2391,2368,False,46,0.019238812212463405,2,0.019238812212463402,11.223398414711628
chem_n8,deck:randic,2391,2369,False,44,0.018402342116269343,2,0.01840234211626934,11.223398414711628
chem_n8,deck:abc,2391,2366,False,50,0.020911752404851526,2,0.020911752404851526,11.223398414711628
chem_n8,deck:m1,2391,1585,False,1266,0.5294855708908407,9,0.8408061730145169,11.223398414711628
chem_n8,deck:m2,2391,2369,False,44,0.018402342116269343,2,0.01840234211626934,11.223398414711628
chem_n8,deck:forgotten,2391,1596,False,1254,0.5244667503136763,9,0.8268910981308703,11.223398414711628
chem_n8,deck:harmonic,2391,2369,False,44,0.018402342116269343,2,0.01840234211626934,11.223398414711628
chem_n8,deck:ga,2391,2369,False,44,0.018402342116269343,2,0.01840234211626934,11.223398414711628
chem_n8,deck:sum_conn,2391,2369,False,44,0.018402342116269343,2,0.01840234211626934,11.223398414711628
chem_n8,deck:isi,2391,2369,False,44,0.018402342116269343,2,0.01840234211626934,11.223398414711628
chem_n8,deck:az,2391,2366,False,50,0.020911752404851526,2,0.020911752404851526,11.223398414711628
chem_n8,deck:adj_spec,2391,2391,True,0,0.0,1,0.0,11.223398414711628
chem_n8,deck:lap_spec,2391,2391,True,0,0.0,1,0.0,11.223398414711628
chem_n8,deck:q_spec,2391,2391,True,0,0.0,1,0.0,11.223398414711628
chem_n8,deck:adj_charpoly,2391,2391,True,0,0.0,1,0.0,11.223398414711628
chem_n8,deck:lap_charpoly,2391,2391,True,0,0.0,1,0.0,11.223398414711628
chem_n8,deck:energy,2391,2391,True,0,0.0,1,0.0,11.223398414711628
chem_n8,deck:spectral_radius,2391,2391,True,0,0.0,1,0.0,11.223398414711628
chem_n8,deck:wiener,2391,2257,False,235,0.09828523630280217,6,0.12576636993630522,11.223398414711628
chem_n8,graph:n,2391,8,False,2389,0.999163529903806,1929,10.305328530499951,11.223398414711628
chem_n8,graph:m,2391,17,False,2388,0.998745294855709,492,8.223843103454344,11.223398414711628
chem_n8,graph:deg_seq,2391,199,False,2332,0.9753241321622752,117,4.864650065254255,11.223398414711628
chem_n8,graph:edge_types,2391,758,False,2050,0.8573818485989126,33,2.305477711305379,11.223398414711628
chem_n8,graph:comp_sizes,2391,8,False,2389,0.999163529903806,1929,10.305328530499951,11.223398414711628
chem_n8,graph:n_comp,2391,1,False,2391,1.0,2391,11.223398414711628,11.223398414711628
chem_n8,graph:max_deg,2391,5,False,2389,0.999163529903806,2084,10.631733231343697,11.223398414711628
chem_n8,graph:min_deg,2391,5,False,2390,0.999581764951903,1290,9.933102972336863,11.223398414711628
chem_n8,graph:n_leaves,2391,7,False,2390,0.999581764951903,1101,9.442085851453475,11.223398414711628
chem_n8,graph:tri,2391,10,False,2390,0.999581764951903,595,8.511735625148571,11.223398414711628
chem_n8,graph:clique,2391,5,False,2389,0.999163529903806,1896,10.280924710236608,11.223398414711628
chem_n8,graph:indep,2391,6,False,2391,1.0,1219,9.808532096638878,11.223398414711628
chem_n8,graph:chrom,2391,5,False,2389,0.999163529903806,1947,10.338132434188017,11.223398414711628
chem_n8,graph:girth,2391,7,False,2390,0.999581764951903,2086,10.523364329306292,11.223398414711628
chem_n8,graph:n_bridges,2391,8,False,2391,1.0,1063,9.157913875689971,11.223398414711628
chem_n8,graph:n_cut,2391,7,False,2390,0.999581764951903,991,9.24660189690698,11.223398414711628
chem_n8,graph:bipartite,2391,2,False,2391,1.0,2183,10.797046397029797,11.223398414711628
chem_n8,graph:forest,2391,2,False,2391,1.0,2351,11.10073794153231,11.223398414711628
chem_n8,graph:biconnected,2391,2,False,2391,1.0,1402,10.245028877383376,11.223398414711628
chem_n8,graph:diam,2391,8,False,2389,0.999163529903806,1296,9.598730596596251,11.223398414711628
chem_n8,graph:ecc_seq,2391,75,False,2373,0.9924717691342535,302,6.536246694954076,11.223398414711628
chem_n8,graph:dist_dist,2391,339,False,2250,0.9410288582183187,99,4.178113223525563,11.223398414711628
chem_n8,graph:max_match,2391,5,False,2390,0.999581764951903,1710,10.237757686027773,11.223398414711628
chem_n8,graph:match_poly,2391,779,False,2060,0.8615641990798829,23,2.1535926700205383,11.223398414711628
chem_n8,graph:n_perfect_match,2391,18,False,2388,0.998745294855709,608,8.174760353740778,11.223398414711628
chem_n8,graph:taus,2391,535,False,2150,0.8992053534086156,64,3.2316857373043044,11.223398414711628
chem_n8,graph:sombor,2391,758,False,2050,0.8573818485989126,33,2.305477711305379,11.223398414711628
chem_n8,graph:sombor_inv,2391,535,False,2176,0.9100794646591385,61,3.076201108629409,11.223398414711628
chem_n8,graph:sombor_sq,2391,154,False,2358,0.986198243412798,117,5.090144012480403,11.223398414711628
chem_n8,graph:sombor_red,2391,721,False,2073,0.8670012547051443,38,2.3999167653259867,11.223398414711628
chem_n8,graph:randic,2391,525,False,2187,0.9146800501882058,61,3.0925905925636905,11.223398414711628
chem_n8,graph:abc,2391,691,False,2119,0.8862400669176077,33,2.4121258242654813,11.223398414711628
chem_n8,graph:m1,2391,56,False,2385,0.9974905897114178,131,6.049257253643582,11.223398414711628
chem_n8,graph:m2,2391,178,False,2378,0.9945629443747386,41,4.105473438268637,11.223398414711628
chem_n8,graph:forgotten,2391,154,False,2358,0.986198243412798,117,5.090144012480403,11.223398414711628
chem_n8,graph:harmonic,2391,343,False,2284,0.9552488498536177,61,3.683657557267262,11.223398414711628
chem_n8,graph:ga,2391,692,False,2097,0.877038895859473,41,2.4647508318902553,11.223398414711628
chem_n8,graph:sum_conn,2391,677,False,2105,0.8803847762442493,33,2.4729156406058586,11.223398414711628
chem_n8,graph:isi,2391,677,False,2143,0.8962777080719364,33,2.4233899618865853,11.223398414711628
chem_n8,graph:az,2391,691,False,2118,0.8858218318695107,33,2.4126465739509,11.223398414711628
chem_n8,graph:adj_spec,2391,2310,False,161,0.06733584274362192,3,0.06806979820249404,11.223398414711628
chem_n8,graph:lap_spec,2391,2209,False,344,0.1438728565453785,4,0.15916705354675353,11.223398414711628
chem_n8,graph:q_spec,2391,2275,False,222,0.09284818067754078,4,0.10059779381555017,11.223398414711628
chem_n8,graph:adj_charpoly,2391,2310,False,161,0.06733584274362192,3,0.06806979820249404,11.223398414711628
chem_n8,graph:lap_charpoly,2391,2209,False,344,0.1438728565453785,4,0.15916705354675353,11.223398414711628
chem_n8,graph:energy,2391,2178,False,380,0.1589293182768716,7,0.1979834483399257,11.223398414711628
chem_n8,graph:spectral_radius,2391,1946,False,681,0.2848180677540778,20,0.5154160524976068,11.223398414711628
chem_n8,graph:wiener,2391,78,False,2377,0.9941447093266416,149,6.025870826945329,11.223398414711628
chemp_n8,deck:itself,2088,2088,True,0,0.0,1,0.0,11.027905996569885
chemp_n8,deck:n,2088,8,False,2086,0.9990421455938697,1663,10.07165744307548,11.027905996569885
chemp_n8,deck:m,2088,196,False,2023,0.9688697318007663,110,4.691684644219724,11.027905996569885
chemp_n8,deck:deg_seq,2088,1503,False,974,0.4664750957854406,8,0.655300783401011,11.027905996569885
chemp_n8,deck:edge_types,2088,2076,False,24,0.011494252873563218,2,0.011494252873563216,11.027905996569885
chemp_n8,deck:comp_sizes,2088,178,False,1980,0.9482758620689655,591,6.675681005195242,11.027905996569885
chemp_n8,deck:n_comp,2088,62,False,2067,0.9899425287356322,591,7.5386883033122905,11.027905996569885
chemp_n8,deck:max_deg,2088,61,False,2071,0.9918582375478927,345,6.9519437864547795,11.027905996569885
chemp_n8,deck:min_deg,2088,70,False,2068,0.9904214559386973,441,6.7621200695075805,11.027905996569885
chemp_n8,deck:n_leaves,2088,304,False,1973,0.9449233716475096,132,4.357484189089661,11.027905996569885
chemp_n8,deck:tri,2088,114,False,2060,0.9865900383141762,284,6.02079912225981,11.027905996569885
chemp_n8,deck:clique,2088,38,False,2077,0.9947318007662835,576,7.629034796407685,11.027905996569885
chemp_n8,deck:indep,2088,45,False,2077,0.9947318007662835,473,7.29136430092034,11.027905996569885
chemp_n8,deck:chrom,2088,49,False,2072,0.9923371647509579,696,7.537794898222997,11.027905996569885
chemp_n8,deck:girth,2088,136,False,2039,0.9765325670498084,678,6.374074189945336,11.027905996569885
chemp_n8,deck:n_bridges,2088,646,False,1782,0.853448275862069,80,2.7013228988464832,11.027905996569885
chemp_n8,deck:n_cut,2088,384,False,1937,0.9276819923371648,79,3.5882352935362833,11.027905996569885
chemp_n8,deck:bipartite,2088,35,False,2079,0.9956896551724138,829,7.939373193017152,11.027905996569885
chemp_n8,deck:forest,2088,37,False,2079,0.9956896551724138,1273,8.677322688572996,11.027905996569885
chemp_n8,deck:biconnected,2088,33,False,2082,0.9971264367816092,674,7.727961607780978,11.027905996569885
chemp_n8,deck:diam,2088,194,False,2035,0.9746168582375478,168,4.793460808558543,11.027905996569885
chemp_n8,deck:ecc_seq,2088,1472,False,1031,0.49377394636015326,9,0.69424771108009,11.027905996569885
chemp_n8,deck:dist_dist,2088,2058,False,59,0.02825670498084291,3,0.029097168343948036,11.027905996569885
chemp_n8,deck:max_match,2088,30,False,2080,0.9961685823754789,1447,8.98599890009402,11.027905996569885
chemp_n8,deck:match_poly,2088,2059,False,58,0.027777777777777776,2,0.027777777777777787,11.027905996569885
chemp_n8,deck:n_perfect_match,2088,128,False,2035,0.9746168582375478,1663,9.06794782721774,11.027905996569885
chemp_n8,deck:taus,2088,1858,False,393,0.1882183908045977,8,0.25651531966951485,11.027905996569885
chemp_n8,deck:sombor,2088,2076,False,24,0.011494252873563218,2,0.011494252873563216,11.027905996569885
chemp_n8,deck:sombor_inv,2088,2076,False,24,0.011494252873563218,2,0.011494252873563216,11.027905996569885
chemp_n8,deck:sombor_sq,2088,1495,False,986,0.4722222222222222,8,0.6656378566411807,11.027905996569885
chemp_n8,deck:sombor_red,2088,2075,False,26,0.012452107279693486,2,0.012452107279693484,11.027905996569885
chemp_n8,deck:randic,2088,2076,False,24,0.011494252873563218,2,0.011494252873563216,11.027905996569885
chemp_n8,deck:abc,2088,2073,False,30,0.014367816091954023,2,0.01436781609195402,11.027905996569885
chemp_n8,deck:m1,2088,1483,False,998,0.4779693486590038,8,0.6824698715012031,11.027905996569885
chemp_n8,deck:m2,2088,2076,False,24,0.011494252873563218,2,0.011494252873563216,11.027905996569885
chemp_n8,deck:forgotten,2088,1495,False,986,0.4722222222222222,8,0.6656378566411807,11.027905996569885
chemp_n8,deck:harmonic,2088,2076,False,24,0.011494252873563218,2,0.011494252873563216,11.027905996569885
chemp_n8,deck:ga,2088,2076,False,24,0.011494252873563218,2,0.011494252873563216,11.027905996569885
chemp_n8,deck:sum_conn,2088,2076,False,24,0.011494252873563218,2,0.011494252873563216,11.027905996569885
chemp_n8,deck:isi,2088,2076,False,24,0.011494252873563218,2,0.011494252873563216,11.027905996569885
chemp_n8,deck:az,2088,2073,False,30,0.014367816091954023,2,0.01436781609195402,11.027905996569885
chemp_n8,deck:adj_spec,2088,2088,True,0,0.0,1,0.0,11.027905996569885
chemp_n8,deck:lap_spec,2088,2088,True,0,0.0,1,0.0,11.027905996569885
chemp_n8,deck:q_spec,2088,2088,True,0,0.0,1,0.0,11.027905996569885
chemp_n8,deck:adj_charpoly,2088,2088,True,0,0.0,1,0.0,11.027905996569885
chemp_n8,deck:lap_charpoly,2088,2088,True,0,0.0,1,0.0,11.027905996569885
chemp_n8,deck:energy,2088,2088,True,0,0.0,1,0.0,11.027905996569885
chemp_n8,deck:spectral_radius,2088,2088,True,0,0.0,1,0.0,11.027905996569885
chemp_n8,deck:wiener,2088,2052,False,71,0.034003831417624523,3,0.03484429478072965,11.027905996569885
chemp_n8,graph:n,2088,8,False,2086,0.9990421455938697,1663,10.07165744307548,11.027905996569885
chemp_n8,graph:m,2088,17,False,2084,0.9980842911877394,474,8.138869905117502,11.027905996569885
chemp_n8,graph:deg_seq,2088,196,False,2023,0.9688697318007663,110,4.691684644219724,11.027905996569885
chemp_n8,graph:edge_types,2088,734,False,1742,0.8342911877394636,29,2.0841952698034056,11.027905996569885
chemp_n8,graph:comp_sizes,2088,8,False,2086,0.9990421455938697,1663,10.07165744307548,11.027905996569885
chemp_n8,graph:n_comp,2088,1,False,2088,1.0,2088,11.027905996569885,11.027905996569885
chemp_n8,graph:max_deg,2088,5,False,2086,0.9990421455938697,1789,10.391367914937435,11.027905996569885
chemp_n8,graph:min_deg,2088,5,False,2087,0.9995210727969349,1223,9.873096952059099,11.027905996569885
chemp_n8,graph:n_leaves,2088,7,False,2087,0.9995210727969349,865,9.177211585451786,11.027905996569885
chemp_n8,graph:tri,2088,9,False,2088,1.0,550,8.381899168920887,11.027905996569885
chemp_n8,graph:clique,2088,4,False,2087,0.9995210727969349,1678,10.126888555861136,11.027905996569885
chemp_n8,graph:indep,2088,6,False,2088,1.0,1108,9.605080455972947,11.027905996569885
chemp_n8,graph:chrom,2088,4,False,2087,0.9995210727969349,1724,10.181854252442717,11.027905996569885
chemp_n8,graph:girth,2088,7,False,2087,0.9995210727969349,1818,10.308467890854075,11.027905996569885
chemp_n8,graph:n_bridges,2088,8,False,2088,1.0,827,8.86782791312457,11.027905996569885
chemp_n8,graph:n_cut,2088,7,False,2087,0.9995210727969349,756,8.978362445047548,11.027905996569885
chemp_n8,graph:bipartite,2088,2,False,2088,1.0,1901,10.592908600789217,11.027905996569885
chemp_n8,graph:forest,2088,2,False,2088,1.0,2048,10.891224676147266,11.027905996569885
chemp_n8,graph:biconnected,2088,2,False,2088,1.0,1334,10.084304365270501,11.027905996569885
chemp_n8,graph:diam,2088,8,False,2086,0.9990421455938697,1120,9.45925500598842,11.027905996569885
chemp_n8,graph:ecc_seq,2088,74,False,2071,0.9918582375478927,283,6.310089361861278,11.027905996569885
chemp_n8,graph:dist_dist,2088,333,False,1949,0.9334291187739464,88,3.9317319162734727,11.027905996569885
chemp_n8,graph:max_match,2088,5,False,2087,0.9995210727969349,1447,10.000610539639709,11.027905996569885
chemp_n8,graph:match_poly,2088,695,False,1792,0.8582375478927203,23,2.1120386717692106,11.027905996569885
chemp_n8,graph:n_perfect_match,2088,14,False,2085,0.9985632183908046,572,8.229298931070467,11.027905996569885
chemp_n8,graph:taus,2088,391,False,1937,0.9276819923371648,64,3.473111819383666,11.027905996569885
chemp_n8,graph:sombor,2088,734,False,1742,0.8342911877394636,29,2.0841952698034056,11.027905996569885
chemp_n8,graph:sombor_inv,2088,520,False,1878,0.8994252873563219,55,2.8066828378426356,11.027905996569885
chemp_n8,graph:sombor_sq,2088,151,False,2050,0.9818007662835249,113,4.9293068529417985,11.027905996569885
chemp_n8,graph:sombor_red,2088,698,False,1770,0.8477011494252874,34,2.1691693164028623,11.027905996569885
chemp_n8,graph:randic,2088,512,False,1887,0.9037356321839081,55,2.820608877832481,11.027905996569885
chemp_n8,graph:abc,2088,667,False,1811,0.8673371647509579,29,2.2063196175465123,11.027905996569885
chemp_n8,graph:m1,2088,55,False,2080,0.9961685823754789,126,5.95252739266712,11.027905996569885
chemp_n8,graph:m2,2088,173,False,2068,0.9904214559386973,37,3.9909406504553027,11.027905996569885
chemp_n8,graph:forgotten,2088,151,False,2050,0.9818007662835249,113,4.9293068529417985,11.027905996569885
chemp_n8,graph:harmonic,2088,336,False,1985,0.9506704980842912,55,3.439472391733731,11.027905996569885
chemp_n8,graph:ga,2088,672,False,1790,0.85727969348659,37,2.2387846506695115,11.027905996569885
chemp_n8,graph:sum_conn,2088,653,False,1798,0.8611111111111112,29,2.2733340476155197,11.027905996569885
chemp_n8,graph:isi,2088,655,False,1835,0.8788314176245211,29,2.212469900083307,11.027905996569885
chemp_n8,graph:az,2088,667,False,1810,0.8668582375478927,29,2.2069159357926025,11.027905996569885
chemp_n8,graph:adj_spec,2088,2015,False,145,0.06944444444444445,3,0.07028490780754955,11.027905996569885
chemp_n8,graph:lap_spec,2088,1935,False,288,0.13793103448275862,4,0.15376372127680152,11.027905996569885
chemp_n8,graph:q_spec,2088,1985,False,196,0.09386973180076628,4,0.1027439296039179,11.027905996569885
chemp_n8,graph:adj_charpoly,2088,2015,False,145,0.06944444444444445,3,0.07028490780754955,11.027905996569885
chemp_n8,graph:lap_charpoly,2088,1935,False,288,0.13793103448275862,4,0.15376372127680152,11.027905996569885
chemp_n8,graph:energy,2088,1910,False,324,0.15517241379310345,5,0.18405988074336363,11.027905996569885
chemp_n8,graph:spectral_radius,2088,1710,False,583,0.2792145593869732,17,0.4918538655910312,11.027905996569885
chemp_n8,graph:wiener,2088,78,False,2072,0.9923371647509579,139,5.834710580966715,11.027905996569885
conn_n9,deck:itself,273193,273193,True,0,0.0,1,0.0,18.059560992491367
conn_n9,deck:n,273193,9,False,273191,0.9999926791682071,261080,17.776821624230397,18.059560992491367
conn_n9,deck:m,273193,4333,False,272235,0.996493321571197,3020,8.361049188214299,18.059560992491367
conn_n9,deck:deg_seq,273193,172998,False,150394,0.5505045883313262,52,1.0100846195705349,18.059560992491367
conn_n9,deck:edge_types,273193,271655,False,3044,0.011142305988806448,3,0.011347861768307484,18.059560992491367
conn_n9,deck:comp_sizes,273193,597,False,272855,0.9987627794269985,194066,16.374822084902082,18.059560992491367
conn_n9,deck:n_comp,273193,121,False,273159,0.9998755458595205,194066,16.575715723727722,18.059560992491367
conn_n9,deck:max_deg,273193,162,False,273169,0.9999121500184851,41743,13.425379214101644,18.059560992491367
conn_n9,deck:min_deg,273193,176,False,273149,0.999838941700556,43616,13.547766884339143,18.059560992491367
conn_n9,deck:n_leaves,273193,870,False,272995,0.999275237652502,84242,14.144355736534079,18.059560992491367
conn_n9,deck:tri,273193,31303,False,258048,0.9445630012482018,3863,6.001573506626613,18.059560992491367
conn_n9,deck:clique,273193,92,False,273170,0.9999158104343816,70953,14.644317112589592,18.059560992491367
conn_n9,deck:indep,273193,83,False,273170,0.9999158104343816,74196,14.713771379200685,18.059560992491367
conn_n9,deck:chrom,273193,124,False,273163,0.9998901875231063,64256,14.37393579833851,18.059560992491367
conn_n9,deck:girth,273193,242,False,273121,0.9997364500554553,236118,16.997401102436946,18.059560992491367
conn_n9,deck:n_bridges,273193,2726,False,272581,0.9977598254713701,83635,13.437186192340752,18.059560992491367
conn_n9,deck:n_cut,273193,1268,False,272743,0.9983528128465956,80890,13.828842975822594,18.059560992491367
conn_n9,deck:bipartite,273193,44,False,273184,0.9999670562569319,243535,17.2890551111958,18.059560992491367
conn_n9,deck:forest,273193,47,False,273183,0.9999633958410354,257571,17.63627284698885,18.059560992491367
conn_n9,deck:biconnected,273193,42,False,273187,0.9999780375046212,80890,15.200879185918593,18.059560992491367
conn_n9,deck:diam,273193,553,False,273077,0.9995753917560113,44394,13.32203401438563,18.059560992491367
conn_n9,deck:ecc_seq,273193,25779,False,262382,0.9604272437434341,5355,6.936068836430864,18.059560992491367
conn_n9,deck:dist_dist,273193,154962,False,148712,0.5443477687934903,504,1.7837785508617188,18.059560992491367
conn_n9,deck:max_match,273193,53,False,273183,0.9999633958410354,184036,16.231825056779122,18.059560992491367
conn_n9,deck:match_poly,273193,272844,False,698,0.002554970295725,2,0.002554970295725003,18.059560992491367
conn_n9,deck:n_perfect_match,273193,78258,False,227188,0.8316025666836266,11117,3.7061055583676334,18.059560992491367
conn_n9,deck:taus,273193,267985,False,8893,0.032552078567166805,19,0.04534358193275453,18.059560992491367
conn_n9,deck:sombor,273193,271655,False,3044,0.011142305988806448,3,0.011347861768307484,18.059560992491367
conn_n9,deck:sombor_inv,273193,271653,False,3048,0.011156947652392266,3,0.011362503431893302,18.059560992491367
conn_n9,deck:sombor_sq,273193,172078,False,151424,0.5542748167046739,52,1.0213291569191212,18.059560992491367
conn_n9,deck:sombor_red,273193,271654,False,3046,0.011149626820599357,3,0.011355182600100393,18.059560992491367
conn_n9,deck:randic,273193,271653,False,3048,0.011156947652392266,3,0.011362503431893302,18.059560992491367
conn_n9,deck:abc,273193,271650,False,3054,0.01117891014777099,3,0.011384465927272028,18.059560992491367
conn_n9,deck:m1,273193,162715,False,160547,0.5876687909280253,59,1.1579840426974786,18.059560992491367
conn_n9,deck:m2,273193,271646,False,3062,0.011208193474942623,3,0.011413749254443663,18.059560992491367
conn_n9,deck:forgotten,273193,172078,False,151424,0.5542748167046739,52,1.0213291569191212,18.059560992491367
conn_n9,deck:harmonic,273193,271653,False,3048,0.011156947652392266,3,0.011362503431893302,18.059560992491367
conn_n9,deck:ga,273193,271653,False,3048,0.011156947652392266,3,0.011362503431893302,18.059560992491367
conn_n9,deck:sum_conn,273193,271655,False,3044,0.011142305988806448,3,0.011347861768307484,18.059560992491367
conn_n9,deck:isi,273193,271655,False,3044,0.011142305988806448,3,0.011347861768307484,18.059560992491367
conn_n9,deck:az,273193,271650,False,3054,0.01117891014777099,3,0.011384465927272028,18.059560992491367
conn_n9,deck:adj_spec,273193,273193,True,0,0.0,1,0.0,18.059560992491367
conn_n9,deck:lap_spec,273193,273193,True,0,0.0,1,0.0,18.059560992491367
conn_n9,deck:q_spec,273193,273193,True,0,0.0,1,0.0,18.059560992491367
conn_n9,deck:adj_charpoly,273193,273193,True,0,0.0,1,0.0,18.059560992491367
conn_n9,deck:lap_charpoly,273193,273193,True,0,0.0,1,0.0,18.059560992491367
conn_n9,deck:energy,273193,273193,True,0,0.0,1,0.0,18.059560992491367
conn_n9,deck:spectral_radius,273193,273193,True,0,0.0,1,0.0,18.059560992491367
conn_n9,deck:wiener,273193,125335,False,180836,0.6619349690511835,504,2.311064259499495,18.059560992491367
conn_n9,graph:n,273193,9,False,273191,0.9999926791682071,261080,17.776821624230397,18.059560992491367
conn_n9,graph:m,273193,37,False,273188,0.9999816979205177,34029,14.325672288194587,18.059560992491367
conn_n9,graph:deg_seq,273193,4333,False,272235,0.996493321571197,3020,8.361049188214299,18.059560992491367
conn_n9,graph:edge_types,273193,54970,False,250654,0.9174978861098197,310,3.5286684933537016,18.059560992491367
conn_n9,graph:comp_sizes,273193,9,False,273191,0.9999926791682071,261080,17.776821624230397,18.059560992491367
conn_n9,graph:n_comp,273193,1,False,273193,1.0,273193,18.059560992491367,18.059560992491367
conn_n9,graph:max_deg,273193,9,False,273191,0.9999926791682071,113466,16.09629623698544,18.059560992491367
conn_n9,graph:min_deg,273193,9,False,273191,0.9999926791682071,118793,16.27017595469644,18.059560992491367
conn_n9,graph:n_leaves,273193,9,False,273192,0.9999963395841035,205798,17.029455543186298,18.059560992491367
conn_n9,graph:tri,273193,70,False,273185,0.9999707166728283,19856,13.489849104183776,18.059560992491367
conn_n9,graph:clique,273193,9,False,273191,0.9999926791682071,141876,16.604278652097697,18.059560992491367
conn_n9,graph:indep,273193,8,False,273192,0.9999963395841035,140090,16.644671490743647,18.059560992491367
conn_n9,graph:chrom,273193,9,False,273191,0.9999926791682071,154872,16.64187565067755,18.059560992491367
conn_n9,graph:girth,273193,8,False,273192,0.9999963395841035,271456,17.999211520167464,18.059560992491367
conn_n9,graph:n_bridges,273193,9,False,273193,1.0,205423,16.975576259382954,18.059560992491367
conn_n9,graph:n_cut,273193,8,False,273192,0.9999963395841035,201729,16.97485796781546,18.059560992491367
conn_n9,graph:bipartite,273193,2,False,273193,1.0,272209,18.025137614240528,18.059560992491367
conn_n9,graph:forest,273193,2,False,273193,1.0,273098,18.055063973139777,18.059560992491367
conn_n9,graph:biconnected,273193,2,False,273193,1.0,201727,17.230416845845102,18.059560992491367
conn_n9,graph:diam,273193,9,False,273191,0.9999926791682071,154462,16.72470646299502,18.059560992491367
conn_n9,graph:ecc_seq,273193,159,False,273165,0.9998975083548993,79173,14.610331749228695,18.059560992491367
conn_n9,graph:dist_dist,273193,1418,False,272738,0.9983345107671133,15665,11.760038302556138,18.059560992491367
conn_n9,graph:max_match,273193,5,False,273192,0.9999963395841035,269860,17.9612540782815,18.059560992491367
conn_n9,graph:match_poly,273193,24282,False,267735,0.9800214500371532,190,4.5869360739161325,18.059560992491367
conn_n9,graph:n_perfect_match,273193,64,False,273180,0.999952414593346,262795,17.663573031681075,18.059560992491367
conn_n9,graph:taus,273193,55784,False,248161,0.9083724692799596,382,3.6902768764709415,18.059560992491367
conn_n9,graph:sombor,273193,54960,False,250662,0.9175271694369914,310,3.528963110488896,18.059560992491367
conn_n9,graph:sombor_inv,273193,50583,False,252521,0.9243318825884997,357,3.7780644404333517,18.059560992491367
conn_n9,graph:sombor_sq,273193,1234,False,273088,0.9996156563308723,3397,9.182947571176326,18.059560992491367
conn_n9,graph:sombor_red,273193,54584,False,250848,0.9182080067937319,310,3.5452665437161777,18.059560992491367
conn_n9,graph:randic,273193,50101,False,252821,0.925430007357436,357,3.7919291721123347,18.059560992491367
conn_n9,graph:abc,273193,54552,False,250978,0.918683860860271,310,3.5372696804099975,18.059560992491367
conn_n9,graph:m1,273193,234,False,273172,0.9999231312661745,5001,11.349570883032287,18.059560992491367
conn_n9,graph:m2,273193,1360,False,273039,0.999436295951946,938,8.698442702994049,18.059560992491367
conn_n9,graph:forgotten,273193,1234,False,273088,0.9996156563308723,3397,9.182947571176326,18.059560992491367
conn_n9,graph:harmonic,273193,18850,False,267274,0.9783339983088879,496,5.663336832009608,18.059560992491367
conn_n9,graph:ga,273193,53694,False,251295,0.9198442126994469,310,3.579549920889301,18.059560992491367
conn_n9,graph:sum_conn,273193,43638,False,256817,0.9400570292796667,310,3.978948700542577,18.059560992491367
conn_n9,graph:isi,273193,49449,False,254510,0.931612449806547,310,3.682470631867749,18.059560992491367
conn_n9,graph:az,273193,54625,False,250945,0.9185630671356879,310,3.5355892511673925,18.059560992491367
conn_n9,graph:adj_spec,273193,247450,False,48348,0.1769737877617655,10,0.19879090513974235,18.059560992491367
conn_n9,graph:lap_spec,273193,250494,False,42286,0.1547843465974604,9,0.17646842531309895,18.059560992491367
conn_n9,graph:q_spec,273193,263455,False,18766,0.06869136471285868,5,0.07343603938260544,18.059560992491367
conn_n9,graph:adj_charpoly,273193,247450,False,48348,0.1769737877617655,10,0.19879090513974235,18.059560992491367
conn_n9,graph:lap_charpoly,273193,250492,False,42290,0.1547989882610462,9,0.17648306697668478,18.059560992491367
conn_n9,graph:energy,273193,244385,False,53106,0.19439004659709436,42,0.2279906804832076,18.059560992491367
conn_n9,graph:spectral_radius,273193,237070,False,62391,0.2283770081956712,128,0.3185978471156835,18.059560992491367
conn_n9,graph:wiener,273193,111,False,273179,0.9999487541774497,22163,13.41442678899551,18.059560992491367
chem_n9,deck:itself,14598,14598,True,0,0.0,1,0.0,13.833483105659585
chem_n9,deck:n,14598,9,False,14596,0.9998629949308124,12207,13.03981404758072,13.833483105659585
chem_n9,deck:m,14598,300,False,14536,0.9957528428551856,765,7.455247618320381,13.833483105659585
chem_n9,deck:deg_seq,14598,6653,False,10780,0.7384573229209481,48,1.7088225048866297,13.833483105659585
chem_n9,deck:edge_types,14598,14334,False,519,0.035552815454171806,3,0.03663474363059822,13.833483105659585
chem_n9,deck:comp_sizes,14598,433,False,14358,0.9835593916974928,5096,9.854709245067653,13.833483105659585
chem_n9,deck:n_comp,14598,91,False,14576,0.9984929442389369,5096,10.676648039137268,13.833483105659585
chem_n9,deck:max_deg,14598,75,False,14580,0.998766954377312,2831,10.21802436956772,13.833483105659585
chem_n9,deck:min_deg,14598,98,False,14577,0.9985614467735306,3189,9.525411615275198,13.833483105659585
chem_n9,deck:n_leaves,14598,649,False,14405,0.9867790108234005,1294,7.160943626625569,13.833483105659585
chem_n9,deck:tri,14598,203,False,14568,0.9979449239621866,1909,8.617855097689517,13.833483105659585
chem_n9,deck:clique,14598,47,False,14587,0.9992464721194684,5385,10.74711356802384,13.833483105659585
chem_n9,deck:indep,14598,61,False,14585,0.9991094670502808,2412,9.986731220236031,13.833483105659585
chem_n9,deck:chrom,14598,66,False,14582,0.9989039594464996,6841,10.82914606247741,13.833483105659585
chem_n9,deck:girth,14598,242,False,14524,0.9949308124400603,6058,9.867467525653147,13.833483105659585
chem_n9,deck:n_bridges,14598,1943,False,13926,0.9539662967529798,1041,5.250400937308197,13.833483105659585
chem_n9,deck:n_cut,14598,1119,False,14204,0.9730100013700507,1026,5.995193212988385,13.833483105659585
chem_n9,deck:bipartite,14598,44,False,14589,0.9993834771886559,7725,11.265111619287005,13.833483105659585
chem_n9,deck:forest,14598,47,False,14588,0.9993149746540622,10976,12.277731673456865,13.833483105659585
chem_n9,deck:biconnected,14598,42,False,14592,0.9995889847924373,4026,10.403488226773245,13.833483105659585
chem_n9,deck:diam,14598,457,False,14506,0.9936977668173722,1124,7.1772477269008395,13.833483105659585
chem_n9,deck:ecc_seq,14598,8664,False,9105,0.6237155774763666,30,1.0763175387919628,13.833483105659585
chem_n9,deck:dist_dist,14598,14092,False,933,0.06391286477599671,6,0.0742038853653607,13.833483105659585
chem_n9,deck:max_match,14598,43,False,14589,0.9993834771886559,4717,10.70747480498541,13.833483105659585
chem_n9,deck:match_poly,14598,14531,False,134,0.009179339635566516,2,0.009179339635566518,13.833483105659585
chem_n9,deck:n_perfect_match,14598,2104,False,13763,0.9428003836141937,1929,4.890416473150361,13.833483105659585
chem_n9,deck:taus,14598,12913,False,2777,0.19023153856692698,15,0.2835421574976455,13.833483105659585
chem_n9,deck:sombor,14598,14334,False,519,0.035552815454171806,3,0.03663474363059822,13.833483105659585
chem_n9,deck:sombor_inv,14598,14333,False,521,0.03568982052335937,3,0.03677174869978578,13.833483105659585
chem_n9,deck:sombor_sq,14598,6539,False,10900,0.7466776270722016,48,1.738644606982113,13.833483105659585
chem_n9,deck:sombor_red,14598,14333,False,521,0.03568982052335937,3,0.03677174869978578,13.833483105659585
chem_n9,deck:randic,14598,14333,False,521,0.03568982052335937,3,0.03677174869978578,13.833483105659585
chem_n9,deck:abc,14598,14329,False,529,0.036237840800109604,3,0.03731976897653602,13.833483105659585
chem_n9,deck:m1,14598,6220,False,11158,0.7643512809973969,48,1.8449449948807692,13.833483105659585
chem_n9,deck:m2,14598,14333,False,521,0.03568982052335937,3,0.03677174869978578,13.833483105659585
chem_n9,deck:forgotten,14598,6539,False,10900,0.7466776270722016,48,1.738644606982113,13.833483105659585
chem_n9,deck:harmonic,14598,14333,False,521,0.03568982052335937,3,0.03677174869978578,13.833483105659585
chem_n9,deck:ga,14598,14333,False,521,0.03568982052335937,3,0.03677174869978578,13.833483105659585
chem_n9,deck:sum_conn,14598,14334,False,519,0.035552815454171806,3,0.03663474363059822,13.833483105659585
chem_n9,deck:isi,14598,14334,False,519,0.035552815454171806,3,0.03663474363059822,13.833483105659585
chem_n9,deck:az,14598,14329,False,529,0.036237840800109604,3,0.03731976897653602,13.833483105659585
chem_n9,deck:adj_spec,14598,14598,True,0,0.0,1,0.0,13.833483105659585
chem_n9,deck:lap_spec,14598,14598,True,0,0.0,1,0.0,13.833483105659585
chem_n9,deck:q_spec,14598,14598,True,0,0.0,1,0.0,13.833483105659585
chem_n9,deck:adj_charpoly,14598,14598,True,0,0.0,1,0.0,13.833483105659585
chem_n9,deck:lap_charpoly,14598,14598,True,0,0.0,1,0.0,13.833483105659585
chem_n9,deck:energy,14598,14598,True,0,0.0,1,0.0,13.833483105659585
chem_n9,deck:spectral_radius,14598,14598,True,0,0.0,1,0.0,13.833483105659585
chem_n9,deck:wiener,14598,13907,False,1270,0.08699821893410056,6,0.10142421777731787,13.833483105659585
chem_n9,graph:n,14598,9,False,14596,0.9998629949308124,12207,13.03981404758072,13.833483105659585
chem_n9,graph:m,14598,19,False,14595,0.9997944923962186,3075,10.863204867623137,13.833483105659585
chem_n9,graph:deg_seq,14598,300,False,14536,0.9957528428551856,765,7.455247618320381,13.833483105659585
chem_n9,graph:edge_types,14598,1830,False,14051,0.9625291135772024,174,4.215011731539959,13.833483105659585
chem_n9,graph:comp_sizes,14598,9,False,14596,0.9998629949308124,12207,13.03981404758072,13.833483105659585
chem_n9,graph:n_comp,14598,1,False,14598,1.0,14598,13.833483105659585,13.833483105659585
chem_n9,graph:max_deg,14598,5,False,14596,0.9998629949308124,13760,13.507868072821353,13.833483105659585
chem_n9,graph:min_deg,14598,5,False,14597,0.9999314974654062,7876,12.586496068727124,13.833483105659585
chem_n9,graph:n_leaves,14598,7,False,14598,1.0,6722,12.086470152087044,13.833483105659585
chem_n9,graph:tri,14598,12,False,14598,1.0,3615,11.147543360809967,13.833483105659585
chem_n9,graph:clique,14598,5,False,14596,0.9998629949308124,12443,13.084675186644805,13.833483105659585
chem_n9,graph:indep,14598,7,False,14597,0.9999314974654062,9621,12.493233851079083,13.833483105659585
chem_n9,graph:chrom,14598,5,False,14596,0.9998629949308124,12814,13.180045085570635,13.833483105659585
chem_n9,graph:girth,14598,8,False,14597,0.9999314974654062,13306,13.325866113077588,13.833483105659585
chem_n9,graph:n_bridges,14598,9,False,14598,1.0,6497,11.808088687083254,13.833483105659585
chem_n9,graph:n_cut,14598,8,False,14597,0.9999314974654062,6087,11.847507720652343,13.833483105659585
chem_n9,graph:bipartite,14598,2,False,14598,1.0,13937,13.567484512741476,13.833483105659585
chem_n9,graph:forest,14598,2,False,14598,1.0,14523,13.787019649880584,13.833483105659585
chem_n9,graph:biconnected,14598,2,False,14598,1.0,8513,12.853531303627662,13.833483105659585
chem_n9,graph:diam,14598,9,False,14596,0.9998629949308124,6944,12.230316224690894,13.833483105659585
chem_n9,graph:ecc_seq,14598,126,False,14578,0.9986299493081244,1534,8.683601837070716,13.833483105659585
chem_n9,graph:dist_dist,14598,956,False,14257,0.976640635703521,451,5.949718826436582,13.833483105659585
chem_n9,graph:max_match,14598,5,False,14597,0.9999314974654062,13761,13.495063185707172,13.833483105659585
chem_n9,graph:match_poly,14598,2692,False,13703,0.9386902315385669,63,3.2706869598705572,13.833483105659585
chem_n9,graph:n_perfect_match,14598,18,False,14595,0.9997944923962186,12815,12.932647092079986,13.833483105659585
chem_n9,graph:taus,14598,2144,False,13799,0.9452664748595698,201,4.157839016524657,13.833483105659585
chem_n9,graph:sombor,14598,1823,False,14056,0.9628716262501713,174,4.219816711479272,13.833483105659585
chem_n9,graph:sombor_inv,14598,1111,False,14301,0.9796547472256474,291,5.259037930337803,13.833483105659585
chem_n9,graph:sombor_sq,14598,189,False,14578,0.9986299493081244,765,7.701526692009804,13.833483105659585
chem_n9,graph:sombor_red,14598,1687,False,14097,0.9656802301685162,174,4.361167953889209,13.833483105659585
chem_n9,graph:randic,14598,1076,False,14331,0.9817098232634608,291,5.2737003106347045,13.833483105659585
chem_n9,graph:abc,14598,1615,False,14208,0.9732840115084258,174,4.303930017393051,13.833483105659585
chem_n9,graph:m1,14598,64,False,14593,0.9996574873270311,830,8.647595541649968,13.833483105659585
chem_n9,graph:m2,14598,213,False,14587,0.9992464721194684,238,6.575453344977238,13.833483105659585
chem_n9,graph:forgotten,14598,189,False,14578,0.9986299493081244,765,7.701526692009804,13.833483105659585
chem_n9,graph:harmonic,14598,560,False,14488,0.9924647211946842,313,6.038971624987775,13.833483105659585
chem_n9,graph:ga,14598,1533,False,14180,0.9713659405398,174,4.475797527219388,13.833483105659585
chem_n9,graph:sum_conn,14598,1560,False,14165,0.9703384025208933,174,4.412813614978507,13.833483105659585
chem_n9,graph:isi,14598,1497,False,14279,0.9781476914645841,174,4.3764210879434895,13.833483105659585
chem_n9,graph:az,14598,1614,False,14210,0.9734210165776134,174,4.304563399543579,13.833483105659585
chem_n9,graph:adj_spec,14598,13724,False,1674,0.11467324290998766,4,0.12400565831646926,13.833483105659585
chem_n9,graph:lap_spec,14598,13114,False,2782,0.19057405123989588,7,0.21461441355790412,13.833483105659585
chem_n9,graph:q_spec,14598,14030,False,1088,0.0745307576380326,4,0.0805696944834377,13.833483105659585
chem_n9,graph:adj_charpoly,14598,13724,False,1674,0.11467324290998766,4,0.12400565831646926,13.833483105659585
chem_n9,graph:lap_charpoly,14598,13114,False,2782,0.19057405123989588,7,0.21461441355790412,13.833483105659585
chem_n9,graph:energy,14598,13256,False,2462,0.16865324016988628,8,0.19846656898065826,13.833483105659585
chem_n9,graph:spectral_radius,14598,12192,False,3792,0.25976161117961366,41,0.45281028081854297,13.833483105659585
chem_n9,graph:wiener,14598,111,False,14583,0.9989724619810934,737,8.397184162863088,13.833483105659585
chemp_n9,deck:itself,11704,11704,True,0,0.0,1,0.0,13.514714054138487
chemp_n9,deck:n,11704,9,False,11702,0.9998291182501708,9616,12.66755328219928,13.514714054138487
chemp_n9,deck:m,11704,297,False,11635,0.9941045796308954,610,7.11615453058101,13.514714054138487
chemp_n9,deck:deg_seq,11704,6165,False,7967,0.6807074504442926,26,1.3301599948082767,13.514714054138487
chemp_n9,deck:edge_types,11704,11578,False,251,0.02144565960355434,3,0.021595598727115767,13.514714054138487
chemp_n9,deck:comp_sizes,11704,433,False,11464,0.9794941900205059,3275,9.122845050278078,13.514714054138487
chemp_n9,deck:n_comp,11704,91,False,11682,0.9981203007518797,3275,10.113949464087476,13.514714054138487
chemp_n9,deck:max_deg,11704,75,False,11686,0.9984620642515379,2066,9.771931800517377,13.514714054138487
chemp_n9,deck:min_deg,11704,92,False,11683,0.9982057416267942,2750,9.37272527178255,13.514714054138487
chemp_n9,deck:n_leaves,11704,649,False,11511,0.9835099111414901,618,6.442293854044107,13.514714054138487
chemp_n9,deck:tri,11704,193,False,11672,0.9972658920027341,1597,8.369819353094123,13.514714054138487
chemp_n9,deck:clique,11704,46,False,11693,0.9990601503759399,4199,10.384178093192906,13.514714054138487
chemp_n9,deck:indep,11704,60,False,11691,0.9988892686261107,1910,9.610125497986889,13.514714054138487
chemp_n9,deck:chrom,11704,64,False,11688,0.9986329460013671,5205,10.428321715309028,13.514714054138487
chemp_n9,deck:girth,11704,242,False,11629,0.993591934381408,4658,9.304548087984713,13.514714054138487
chemp_n9,deck:n_bridges,11704,1943,False,11032,0.9425837320574163,411,4.273240955741861,13.514714054138487
chemp_n9,deck:n_cut,11704,1119,False,11310,0.9663362952836637,391,5.162994792375692,13.514714054138487
chemp_n9,deck:bipartite,11704,44,False,11695,0.9992310321257689,5801,10.798304112487,13.514714054138487
chemp_n9,deck:forest,11704,47,False,11694,0.9991455912508544,8385,11.765909980558973,13.514714054138487
chemp_n9,deck:biconnected,11704,42,False,11698,0.9994873547505126,3847,10.255372817153384,13.514714054138487
chemp_n9,deck:diam,11704,451,False,11609,0.9918831168831169,772,6.7390397908938855,13.514714054138487
chemp_n9,deck:ecc_seq,11704,7693,False,6506,0.5558783321941216,17,0.8461989028112803,13.514714054138487
chemp_n9,deck:dist_dist,11704,11564,False,277,0.023667122351332878,3,0.02411693972201723,13.514714054138487
chemp_n9,deck:max_match,11704,43,False,11695,0.9992310321257689,2971,10.196225136814167,13.514714054138487
chemp_n9,deck:match_poly,11704,11651,False,106,0.009056732740943266,2,0.009056732740943272,13.514714054138487
chemp_n9,deck:n_perfect_match,11704,1406,False,11180,0.955228981544771,1663,5.181020795028915,13.514714054138487
chemp_n9,deck:taus,11704,10043,False,2729,0.23316814764183186,15,0.3495512999957717,13.514714054138487
chemp_n9,deck:sombor,11704,11578,False,251,0.02144565960355434,3,0.021595598727115767,13.514714054138487
chemp_n9,deck:sombor_inv,11704,11578,False,251,0.02144565960355434,3,0.021595598727115767,13.514714054138487
chemp_n9,deck:sombor_sq,11704,6076,False,8069,0.6894224196855776,26,1.3568950837422524,13.514714054138487
chemp_n9,deck:sombor_red,11704,11577,False,253,0.021616541353383457,3,0.021766480476944884,13.514714054138487
chemp_n9,deck:randic,11704,11578,False,251,0.02144565960355434,3,0.021595598727115767,13.514714054138487
chemp_n9,deck:abc,11704,11573,False,261,0.02230006835269993,3,0.02245000747626135,13.514714054138487
chemp_n9,deck:m1,11704,5791,False,8304,0.709501025290499,28,1.4638295785802935,13.514714054138487
chemp_n9,deck:m2,11704,11577,False,253,0.021616541353383457,3,0.021766480476944884,13.514714054138487
chemp_n9,deck:forgotten,11704,6076,False,8069,0.6894224196855776,26,1.3568950837422524,13.514714054138487
chemp_n9,deck:harmonic,11704,11578,False,251,0.02144565960355434,3,0.021595598727115767,13.514714054138487
chemp_n9,deck:ga,11704,11578,False,251,0.02144565960355434,3,0.021595598727115767,13.514714054138487
chemp_n9,deck:sum_conn,11704,11578,False,251,0.02144565960355434,3,0.021595598727115767,13.514714054138487
chemp_n9,deck:isi,11704,11578,False,251,0.02144565960355434,3,0.021595598727115767,13.514714054138487
chemp_n9,deck:az,11704,11573,False,261,0.02230006835269993,3,0.02245000747626135,13.514714054138487
chemp_n9,deck:adj_spec,11704,11704,True,0,0.0,1,0.0,13.514714054138487
chemp_n9,deck:lap_spec,11704,11704,True,0,0.0,1,0.0,13.514714054138487
chemp_n9,deck:q_spec,11704,11704,True,0,0.0,1,0.0,13.514714054138487
chemp_n9,deck:adj_charpoly,11704,11704,True,0,0.0,1,0.0,13.514714054138487
chemp_n9,deck:lap_charpoly,11704,11704,True,0,0.0,1,0.0,13.514714054138487
chemp_n9,deck:energy,11704,11704,True,0,0.0,1,0.0,13.514714054138487
chemp_n9,deck:spectral_radius,11704,11704,True,0,0.0,1,0.0,13.514714054138487
chemp_n9,deck:wiener,11704,11493,False,415,0.035457963089542036,3,0.03650753695447228,13.514714054138487
chemp_n9,graph:n,11704,9,False,11702,0.9998291182501708,9616,12.66755328219928,13.514714054138487
chemp_n9,graph:m,11704,19,False,11700,0.9996582365003418,2722,10.66738709965074,13.514714054138487
chemp_n9,graph:deg_seq,11704,297,False,11635,0.9941045796308954,610,7.11615453058101,13.514714054138487
chemp_n9,graph:edge_types,11704,1783,False,11143,0.9520676691729323,144,3.756357443722996,13.514714054138487
chemp_n9,graph:comp_sizes,11704,9,False,11702,0.9998291182501708,9616,12.66755328219928,13.514714054138487
chemp_n9,graph:n_comp,11704,1,False,11704,1.0,11704,13.514714054138487,13.514714054138487
chemp_n9,graph:max_deg,11704,5,False,11702,0.9998291182501708,10891,13.14018205253944,13.514714054138487
chemp_n9,graph:min_deg,11704,5,False,11703,0.9999145591250854,7060,12.420381322684594,13.514714054138487
chemp_n9,graph:n_leaves,11704,7,False,11704,1.0,4644,11.669751446793752,13.514714054138487
chemp_n9,graph:tri,11704,12,False,11703,0.9999145591250854,3040,10.872969869668575,13.514714054138487
chemp_n9,graph:clique,11704,4,False,11703,0.9999145591250854,10046,12.791468980088885,13.514714054138487
chemp_n9,graph:indep,11704,7,False,11703,0.9999145591250854,7580,12.154490069742147,13.514714054138487
chemp_n9,graph:chrom,11704,4,False,11703,0.9999145591250854,10352,12.883679245791674,13.514714054138487
chemp_n9,graph:girth,11704,8,False,11703,0.9999145591250854,10645,12.987082961912169,13.514714054138487
chemp_n9,graph:n_bridges,11704,9,False,11704,1.0,4424,11.353806577013717,13.514714054138487
chemp_n9,graph:n_cut,11704,8,False,11703,0.9999145591250854,4031,11.415950921986978,13.514714054138487
chemp_n9,graph:bipartite,11704,2,False,11704,1.0,11125,13.230571642076441,13.514714054138487
chemp_n9,graph:forest,11704,2,False,11704,1.0,11629,13.458810358456082,13.514714054138487
chemp_n9,graph:biconnected,11704,2,False,11704,1.0,7675,12.585894440528525,13.514714054138487
chemp_n9,graph:diam,11704,9,False,11702,0.9998291182501708,5288,11.926270917813909,13.514714054138487
chemp_n9,graph:ecc_seq,11704,125,False,11685,0.9983766233766234,1193,8.3621261380287,13.514714054138487
chemp_n9,graph:dist_dist,11704,940,False,11364,0.9709501025290499,330,5.488148052732135,13.514714054138487
chemp_n9,graph:max_match,11704,5,False,11703,0.9999145591250854,10908,13.129947998408504,13.514714054138487
chemp_n9,graph:match_poly,11704,2353,False,10903,0.9315618591934381,55,3.092025998332152,13.514714054138487
chemp_n9,graph:n_perfect_match,11704,14,False,11701,0.9997436773752563,10188,12.610415572120932,13.514714054138487
chemp_n9,graph:taus,11704,1383,False,11214,0.9581339712918661,201,4.491064169014417,13.514714054138487
chemp_n9,graph:sombor,11704,1776,False,11148,0.9524948735475052,144,3.761097950596636,13.514714054138487
chemp_n9,graph:sombor_inv,11704,1086,False,11410,0.9748803827751196,201,4.7544557214281715,13.514714054138487
chemp_n9,graph:sombor_sq,11704,188,False,11676,0.9976076555023924,626,7.388078438857387,13.514714054138487
chemp_n9,graph:sombor_red,11704,1644,False,11199,0.9568523581681476,144,3.889673634935774,13.514714054138487
chemp_n9,graph:randic,11704,1057,False,11437,0.9771872863978127,201,4.767559862025437,13.514714054138487
chemp_n9,graph:abc,11704,1570,False,11297,0.9652255639097744,144,3.8660083122573825,13.514714054138487
chemp_n9,graph:m1,11704,63,False,11697,0.9994019138755981,688,8.43674092345458,13.514714054138487
chemp_n9,graph:m2,11704,211,False,11688,0.9986329460013671,192,6.3481847568797845,13.514714054138487
chemp_n9,graph:forgotten,11704,188,False,11676,0.9976076555023924,626,7.388078438857387,13.514714054138487
chemp_n9,graph:harmonic,11704,552,False,11599,0.9910287081339713,211,5.597043512891589,13.514714054138487
chemp_n9,graph:ga,11704,1497,False,11283,0.9640293916609706,144,4.023986321046632,13.514714054138487
chemp_n9,graph:sum_conn,11704,1513,False,11258,0.9618933697881066,144,3.9940726931898936,13.514714054138487
chemp_n9,graph:isi,11704,1463,False,11364,0.9709501025290499,144,3.9417868566588665,13.514714054138487
chemp_n9,graph:az,11704,1569,False,11298,0.965311004784689,144,3.8672392907341537,13.514714054138487
chemp_n9,graph:adj_spec,11704,10994,False,1358,0.11602870813397129,4,0.1257019010675988,13.514714054138487
chemp_n9,graph:lap_spec,11704,10537,False,2189,0.18703007518796994,7,0.2105010674630551,13.514714054138487
chemp_n9,graph:q_spec,11704,11226,False,909,0.07766575529733424,4,0.0850479761250054,13.514714054138487
chemp_n9,graph:adj_charpoly,11704,10994,False,1358,0.11602870813397129,4,0.1257019010675988,13.514714054138487
chemp_n9,graph:lap_charpoly,11704,10537,False,2189,0.18703007518796994,7,0.2105010674630551,13.514714054138487
chemp_n9,graph:energy,11704,10619,False,2001,0.17096719070403282,7,0.1983817046741297,13.514714054138487
chemp_n9,graph:spectral_radius,11704,9794,False,3022,0.25820232399179766,39,0.4419473204178486,13.514714054138487
chemp_n9,graph:wiener,11704,111,False,11687,0.9985475051264525,631,8.070413820517446,13.514714054138487
chem_m4_n9,deck:itself,14592,14592,True,0,0.0,1,0.0,13.832890014164741
chem_m4_n9,deck:n,14592,6,False,14592,1.0,12207,13.04452410167071,13.832890014164741
chem_m4_n9,deck:m,14592,294,False,14536,0.9961622807017544,765,7.458313098426597,13.832890014164741
chem_m4_n9,deck:deg_seq,14592,6647,False,10780,0.7387609649122807,48,1.7095251457192218,13.832890014164741
chem_m4_n9,deck:edge_types,14592,14328,False,519,0.035567434210526314,3,0.03664980725873567,13.832890014164741
chem_m4_n9,deck:comp_sizes,14592,427,False,14358,0.9839638157894737,5096,9.858761345908535,13.832890014164741
chem_m4_n9,deck:n_comp,14592,85,False,14576,0.9989035087719298,5096,10.681038108232308,13.832890014164741
chem_m4_n9,deck:max_deg,14592,69,False,14580,0.9991776315789473,2831,10.22222585985126,13.832890014164741
chem_m4_n9,deck:min_deg,14592,92,False,14577,0.9989720394736842,3189,9.52932831413016,13.832890014164741
chem_m4_n9,deck:n_leaves,14592,645,False,14401,0.9869106359649122,1294,7.16361397077029,13.832890014164741
chem_m4_n9,deck:tri,14592,200,False,14563,0.9980126096491229,1909,8.6209357064535,13.832890014164741
chem_m4_n9,deck:clique,14592,42,False,14585,0.9995202850877193,5385,10.751395550028235,13.832890014164741
chem_m4_n9,deck:indep,14592,56,False,14583,0.9993832236842105,2412,9.990700545025053,13.832890014164741
chem_m4_n9,deck:chrom,14592,61,False,14580,0.9991776315789473,6841,10.833461774948272,13.832890014164741
chem_m4_n9,deck:girth,14592,239,False,14519,0.9949972587719298,6058,9.871061955316787,13.832890014164741
chem_m4_n9,deck:n_bridges,14592,1937,False,13926,0.954358552631579,1041,5.252559819272556,13.832890014164741
chem_m4_n9,deck:n_cut,14592,1115,False,14201,0.9732044956140351,1026,5.997332485999331,13.832890014164741
chem_m4_n9,deck:bipartite,14592,41,False,14584,0.9994517543859649,7725,11.269280738133874,13.832890014164741
chem_m4_n9,deck:forest,14592,44,False,14583,0.9993832236842105,10976,12.282317165681274,13.832890014164741
chem_m4_n9,deck:biconnected,14592,39,False,14587,0.9996573464912281,4026,10.407303059685695,13.832890014164741
chem_m4_n9,deck:diam,14592,452,False,14505,0.9940378289473685,1124,7.180010103467389,13.832890014164741
chem_m4_n9,deck:ecc_seq,14592,8658,False,9105,0.6239720394736842,30,1.0767601035694137,13.832890014164741
chem_m4_n9,deck:dist_dist,14592,14086,False,933,0.0639391447368421,6,0.07423439683138255,13.832890014164741
chem_m4_n9,deck:max_match,14592,38,False,14588,0.9997258771929824,4717,10.711630178365034,13.832890014164741
chem_m4_n9,deck:match_poly,14592,14525,False,134,0.00918311403508772,2,0.009183114035087736,13.832890014164741
chem_m4_n9,deck:n_perfect_match,14592,2100,False,13761,0.9430509868421053,1929,4.891912685035945,13.832890014164741
chem_m4_n9,deck:taus,14592,12907,False,2777,0.19030975877192982,15,0.28365874555582427,13.832890014164741
chem_m4_n9,deck:sombor,14592,14328,False,519,0.035567434210526314,3,0.03664980725873567,13.832890014164741
chem_m4_n9,deck:sombor_inv,14592,14327,False,521,0.03570449561403509,3,0.03678686866224444,13.832890014164741
chem_m4_n9,deck:sombor_sq,14592,6533,False,10900,0.746984649122807,48,1.7393595101922104,13.832890014164741
chem_m4_n9,deck:sombor_red,14592,14328,False,519,0.035567434210526314,3,0.03664980725873567,13.832890014164741
chem_m4_n9,deck:randic,14592,14327,False,521,0.03570449561403509,3,0.03678686866224444,13.832890014164741
chem_m4_n9,deck:abc,14592,14324,False,527,0.0361156798245614,3,0.037198052872770754,13.832890014164741
chem_m4_n9,deck:m1,14592,6214,False,11158,0.7646655701754386,48,1.845703607131942,13.832890014164741
chem_m4_n9,deck:m2,14592,14327,False,521,0.03570449561403509,3,0.03678686866224444,13.832890014164741
chem_m4_n9,deck:forgotten,14592,6533,False,10900,0.746984649122807,48,1.7393595101922104,13.832890014164741
chem_m4_n9,deck:harmonic,14592,14327,False,521,0.03570449561403509,3,0.03678686866224444,13.832890014164741
chem_m4_n9,deck:ga,14592,14327,False,521,0.03570449561403509,3,0.03678686866224444,13.832890014164741
chem_m4_n9,deck:sum_conn,14592,14328,False,519,0.035567434210526314,3,0.03664980725873567,13.832890014164741
chem_m4_n9,deck:isi,14592,14328,False,519,0.035567434210526314,3,0.03664980725873567,13.832890014164741
chem_m4_n9,deck:az,14592,14324,False,527,0.0361156798245614,3,0.037198052872770754,13.832890014164741
chem_m4_n9,deck:adj_spec,14592,14592,True,0,0.0,1,0.0,13.832890014164741
chem_m4_n9,deck:lap_spec,14592,14592,True,0,0.0,1,0.0,13.832890014164741
chem_m4_n9,deck:q_spec,14592,14592,True,0,0.0,1,0.0,13.832890014164741
chem_m4_n9,deck:adj_charpoly,14592,14592,True,0,0.0,1,0.0,13.832890014164741
chem_m4_n9,deck:lap_charpoly,14592,14592,True,0,0.0,1,0.0,13.832890014164741
chem_m4_n9,deck:energy,14592,14592,True,0,0.0,1,0.0,13.832890014164741
chem_m4_n9,deck:spectral_radius,14592,14592,True,0,0.0,1,0.0,13.832890014164741
chem_m4_n9,deck:wiener,14592,13901,False,1270,0.08703399122807018,6,0.10146592181423376,13.832890014164741
chem_m4_n9,graph:n,14592,6,False,14592,1.0,12207,13.04452410167071,13.832890014164741
chem_m4_n9,graph:m,14592,15,False,14592,1.0,3075,10.86734579016313,13.832890014164741
chem_m4_n9,graph:deg_seq,14592,294,False,14536,0.9961622807017544,765,7.458313098426597,13.832890014164741
chem_m4_n9,graph:edge_types,14592,1824,False,14051,0.9629248903508771,174,4.216744877811155,13.832890014164741
chem_m4_n9,graph:comp_sizes,14592,6,False,14592,1.0,12207,13.04452410167071,13.832890014164741
chem_m4_n9,graph:n_comp,14592,1,False,14592,1.0,14592,13.832890014164741,13.832890014164741
chem_m4_n9,graph:max_deg,14592,3,False,14592,1.0,13760,13.511614863913485,13.832890014164741
chem_m4_n9,graph:min_deg,14592,4,False,14592,1.0,7872,12.586770094247322,13.832890014164741
chem_m4_n9,graph:n_leaves,14592,7,False,14592,1.0,6720,12.086186086158659,13.832890014164741
chem_m4_n9,graph:tri,14592,12,False,14592,1.0,3615,11.147228180786165,13.832890014164741
chem_m4_n9,graph:clique,14592,4,False,14591,0.9999314692982456,12442,13.085796584895302,13.832890014164741
chem_m4_n9,graph:indep,14592,7,False,14591,0.9999314692982456,9621,12.495857589367601,13.832890014164741
chem_m4_n9,graph:chrom,14592,4,False,14591,0.9999314692982456,12813,13.181468718528404,13.832890014164741
chem_m4_n9,graph:girth,14592,8,False,14591,0.9999314692982456,13305,13.327695963401858,13.832890014164741
chem_m4_n9,graph:n_bridges,14592,9,False,14592,1.0,6495,11.807670476009621,13.832890014164741
chem_m4_n9,graph:n_cut,14592,8,False,14591,0.9999314692982456,6084,11.846774116848175,13.832890014164741
chem_m4_n9,graph:bipartite,14592,2,False,14592,1.0,13936,13.56831832409973,13.832890014164741
chem_m4_n9,graph:forest,14592,2,False,14592,1.0,14522,13.789030466084546,13.832890014164741
chem_m4_n9,graph:biconnected,14592,2,False,14592,1.0,8508,12.852888413947728,13.832890014164741
chem_m4_n9,graph:diam,14592,8,False,14591,0.9999314692982456,6943,12.23256935307404,13.832890014164741
chem_m4_n9,graph:ecc_seq,14592,121,False,14576,0.9989035087719298,1534,8.687035335633109,13.832890014164741
chem_m4_n9,graph:dist_dist,14592,950,False,14257,0.9770422149122807,451,5.952165256875079,13.832890014164741
chem_m4_n9,graph:max_match,14592,4,False,14591,0.9999314692982456,13761,13.499338056361612,13.832890014164741
chem_m4_n9,graph:match_poly,14592,2687,False,13701,0.9389391447368421,63,3.271894753302538,13.832890014164741
chem_m4_n9,graph:n_perfect_match,14592,18,False,14589,0.9997944078947368,12811,12.932515467418494,13.832890014164741
chem_m4_n9,graph:taus,14592,2144,False,13793,0.9452439692982456,201,4.156348343088328,13.832890014164741
chem_m4_n9,graph:sombor,14592,1817,False,14056,0.9632675438596491,174,4.22155183348235,13.832890014164741
chem_m4_n9,graph:sombor_inv,14592,1105,False,14301,0.9800575657894737,291,5.261200363697318,13.832890014164741
chem_m4_n9,graph:sombor_sq,14592,183,False,14578,0.9990405701754386,765,7.704693438182507,13.832890014164741
chem_m4_n9,graph:sombor_red,14592,1682,False,14095,0.9659402412280702,174,4.362824135887792,13.832890014164741
chem_m4_n9,graph:randic,14592,1070,False,14331,0.9821134868421053,291,5.275868772933484,13.832890014164741
chem_m4_n9,graph:abc,14592,1611,False,14204,0.9734100877192983,174,4.305425602652397,13.832890014164741
chem_m4_n9,graph:m1,14592,59,False,14591,0.9999314692982456,830,8.651014234992205,13.832890014164741
chem_m4_n9,graph:m2,14592,208,False,14585,0.9995202850877193,238,6.5780200061662315,13.832890014164741
chem_m4_n9,graph:forgotten,14592,183,False,14578,0.9990405701754386,765,7.704693438182507,13.832890014164741
chem_m4_n9,graph:harmonic,14592,555,False,14486,0.9927357456140351,313,6.041317693364271,13.832890014164741
chem_m4_n9,graph:ga,14592,1527,False,14180,0.971765350877193,174,4.47763790449209,13.832890014164741
chem_m4_n9,graph:sum_conn,14592,1555,False,14163,0.9706003289473685,174,4.414491032857471,13.832890014164741
chem_m4_n9,graph:isi,14592,1491,False,14279,0.9785498903508771,174,4.378220603193468,13.832890014164741
chem_m4_n9,graph:az,14592,1610,False,14206,0.973547149122807,174,4.306059245239664,13.832890014164741
chem_m4_n9,graph:adj_spec,14592,13718,False,1674,0.1147203947368421,4,0.1240566474851878,13.832890014164741
chem_m4_n9,graph:lap_spec,14592,13108,False,2782,0.19065241228070176,7,0.21470265961611085,13.832890014164741
chem_m4_n9,graph:q_spec,14592,14024,False,1088,0.07456140350877193,4,0.08060282346965672,13.832890014164741
chem_m4_n9,graph:adj_charpoly,14592,13718,False,1674,0.1147203947368421,4,0.1240566474851878,13.832890014164741
chem_m4_n9,graph:lap_charpoly,14592,13108,False,2782,0.19065241228070176,7,0.21470265961611085,13.832890014164741
chem_m4_n9,graph:energy,14592,13251,False,2461,0.16865405701754385,8,0.19835938092636304,13.832890014164741
chem_m4_n9,graph:spectral_radius,14592,12188,False,3789,0.2596628289473684,41,0.4524961684048634,13.832890014164741
chem_m4_n9,graph:wiener,14592,106,False,14581,0.9992461622807017,737,8.400499891000226,13.832890014164741
conn_m4_n9,deck:itself,273187,273187,True,0,0.0,1,0.0,18.05952930696025
conn_m4_n9,deck:n,273187,6,False,273187,1.0,261080,17.777177245671904,18.05952930696025
conn_m4_n9,deck:m,273187,4327,False,272235,0.9965152075318372,3020,8.361232821751363,18.05952930696025
conn_m4_n9,deck:deg_seq,273187,172992,False,150394,0.5505166790513458,52,1.0101068040363321,18.05952930696025
conn_m4_n9,deck:edge_types,273187,271649,False,3044,0.011142550707024858,3,0.011348111001143121,18.05952930696025
conn_m4_n9,deck:comp_sizes,273187,591,False,272855,0.9987847152316911,194066,16.375181724755016,18.05952930696025
conn_m4_n9,deck:n_comp,273187,115,False,273159,0.9998975061038775,194066,16.57607977580319,18.05952930696025
conn_m4_n9,deck:max_deg,273187,156,False,273169,0.9999341110667784,41743,13.425674075406478,18.05952930696025
conn_m4_n9,deck:min_deg,273187,170,False,273149,0.9998609011409767,43616,13.54806443364165,18.05952930696025
conn_m4_n9,deck:n_leaves,273187,866,False,272991,0.9992825427271429,84242,14.144651746719072,18.05952930696025
conn_m4_n9,deck:tri,273187,31300,False,258043,0.9445654441829223,3863,6.001680592810026,18.05952930696025
conn_m4_n9,deck:clique,273187,87,False,273168,0.9999304505704883,70953,14.644631424407782,18.05952930696025
conn_m4_n9,deck:indep,273187,78,False,273168,0.9999304505704883,74196,14.714087216441389,18.05952930696025
conn_m4_n9,deck:chrom,273187,119,False,273161,0.9999048270964578,64256,14.37424417177791,18.05952930696025
conn_m4_n9,deck:girth,273187,239,False,273116,0.9997401047634038,236118,16.9977496897384,18.05952930696025
conn_m4_n9,deck:n_bridges,273187,2720,False,272581,0.9977817392482072,83635,13.437481312961753,18.05952930696025
conn_m4_n9,deck:n_cut,273187,1264,False,272740,0.9983637581583311,80890,13.829129293144886,18.05952930696025
conn_m4_n9,deck:bipartite,273187,41,False,273179,0.9999707160296794,243535,17.28941010408771,18.05952930696025
conn_m4_n9,deck:forest,273187,44,False,273178,0.9999670555333893,257571,17.636635465816173,18.05952930696025
conn_m4_n9,deck:biconnected,273187,39,False,273182,0.9999816975185496,80890,15.20118831624915,18.05952930696025
conn_m4_n9,deck:diam,273187,548,False,273076,0.9995936849118003,44394,13.32231652166662,18.05952930696025
conn_m4_n9,deck:ecc_seq,273187,25773,False,262382,0.9604483375856099,5355,6.93622117315471,18.05952930696025
conn_m4_n9,deck:dist_dist,273187,154956,False,148712,0.5443597242914194,504,1.7838177279497909,18.05952930696025
conn_m4_n9,deck:max_match,273187,48,False,273182,0.9999816975185496,184036,16.23216834291597,18.05952930696025
conn_m4_n9,deck:match_poly,273187,272838,False,698,0.002555026410480733,2,0.0025550264104807407,18.05952930696025
conn_m4_n9,deck:n_perfect_match,273187,78254,False,227186,0.8316135101597074,11117,3.7061594659786197,18.05952930696025
conn_m4_n9,deck:taus,273187,267979,False,8893,0.03255279350774378,19,0.045344577812834685,18.05952930696025
conn_m4_n9,deck:sombor,273187,271649,False,3044,0.011142550707024858,3,0.011348111001143121,18.05952930696025
conn_m4_n9,deck:sombor_inv,273187,271647,False,3048,0.011157192692185207,3,0.01136275298630347,18.05952930696025
conn_m4_n9,deck:sombor_sq,273187,172072,False,151424,0.5542869902301354,52,1.0213515883483986,18.05952930696025
conn_m4_n9,deck:sombor_red,273187,271649,False,3044,0.011142550707024858,3,0.011348111001143121,18.05952930696025
conn_m4_n9,deck:randic,273187,271647,False,3048,0.011157192692185207,3,0.01136275298630347,18.05952930696025
conn_m4_n9,deck:abc,273187,271645,False,3052,0.011171834677345555,3,0.011377394971463818,18.05952930696025
conn_m4_n9,deck:m1,273187,162709,False,160547,0.5876816978845992,59,1.1580094754745962,18.05952930696025
conn_m4_n9,deck:m2,273187,271640,False,3062,0.011208439640246424,3,0.011413999934364689,18.05952930696025
conn_m4_n9,deck:forgotten,273187,172072,False,151424,0.5542869902301354,52,1.0213515883483986,18.05952930696025
conn_m4_n9,deck:harmonic,273187,271647,False,3048,0.011157192692185207,3,0.01136275298630347,18.05952930696025
conn_m4_n9,deck:ga,273187,271647,False,3048,0.011157192692185207,3,0.01136275298630347,18.05952930696025
conn_m4_n9,deck:sum_conn,273187,271649,False,3044,0.011142550707024858,3,0.011348111001143121,18.05952930696025
conn_m4_n9,deck:isi,273187,271649,False,3044,0.011142550707024858,3,0.011348111001143121,18.05952930696025
conn_m4_n9,deck:az,273187,271645,False,3052,0.011171834677345555,3,0.011377394971463818,18.05952930696025
conn_m4_n9,deck:adj_spec,273187,273187,True,0,0.0,1,0.0,18.05952930696025
conn_m4_n9,deck:lap_spec,273187,273187,True,0,0.0,1,0.0,18.05952930696025
conn_m4_n9,deck:q_spec,273187,273187,True,0,0.0,1,0.0,18.05952930696025
conn_m4_n9,deck:adj_charpoly,273187,273187,True,0,0.0,1,0.0,18.05952930696025
conn_m4_n9,deck:lap_charpoly,273187,273187,True,0,0.0,1,0.0,18.05952930696025
conn_m4_n9,deck:energy,273187,273187,True,0,0.0,1,0.0,18.05952930696025
conn_m4_n9,deck:spectral_radius,273187,273187,True,0,0.0,1,0.0,18.05952930696025
conn_m4_n9,deck:wiener,273187,125329,False,180836,0.6619495071141746,504,2.311115017352214,18.05952930696025
conn_m4_n9,graph:n,273187,6,False,273187,1.0,261080,17.777177245671904,18.05952930696025
conn_m4_n9,graph:m,273187,33,False,273185,0.9999926790074198,34029,14.32596951736811,18.05952930696025
conn_m4_n9,graph:deg_seq,273187,4327,False,272235,0.9965152075318372,3020,8.361232821751363,18.05952930696025
conn_m4_n9,graph:edge_types,273187,54964,False,250654,0.9175180370954694,310,3.528745993421214,18.05952930696025
conn_m4_n9,graph:comp_sizes,273187,6,False,273187,1.0,261080,17.777177245671904,18.05952930696025
conn_m4_n9,graph:n_comp,273187,1,False,273187,1.0,273187,18.05952930696025,18.05952930696025
conn_m4_n9,graph:max_deg,273187,7,False,273187,1.0,113466,16.096553217532108,18.05952930696025
conn_m4_n9,graph:min_deg,273187,8,False,273186,0.9999963395037099,118792,16.27021032035726,18.05952930696025
conn_m4_n9,graph:n_leaves,273187,9,False,273186,0.9999963395037099,205796,17.029480755694202,18.05952930696025
conn_m4_n9,graph:tri,273187,70,False,273179,0.9999707160296794,19856,13.489873733461462,18.05952930696025
conn_m4_n9,graph:clique,273187,8,False,273186,0.9999963395037099,141876,16.604398558427075,18.05952930696025
conn_m4_n9,graph:indep,273187,8,False,273186,0.9999963395037099,140090,16.644829972026006,18.05952930696025
conn_m4_n9,graph:chrom,273187,8,False,273186,0.9999963395037099,154872,16.642009201411085,18.05952930696025
conn_m4_n9,graph:girth,273187,8,False,273186,0.9999963395037099,271455,17.999389540035793,18.05952930696025
conn_m4_n9,graph:n_bridges,273187,9,False,273187,1.0,205421,16.9755962934674,18.05952930696025
conn_m4_n9,graph:n_cut,273187,8,False,273186,0.9999963395037099,201726,16.97484038941173,18.05952930696025
conn_m4_n9,graph:bipartite,273187,2,False,273187,1.0,272208,18.0252538206792,18.05952930696025
conn_m4_n9,graph:forest,273187,2,False,273187,1.0,273097,18.055243187846532,18.05952930696025
conn_m4_n9,graph:biconnected,273187,2,False,273187,1.0,201726,17.230403959781622,18.05952930696025
conn_m4_n9,graph:diam,273187,8,False,273186,0.9999963395037099,154461,16.72484258910207,18.05952930696025
conn_m4_n9,graph:ecc_seq,273187,154,False,273163,0.9999121480890379,79173,14.610645314627101,18.05952930696025
conn_m4_n9,graph:dist_dist,273187,1412,False,272738,0.998356437165751,15665,11.760296588015507,18.05952930696025
conn_m4_n9,graph:max_match,273187,4,False,273187,1.0,269860,17.96155570143334,18.05952930696025
conn_m4_n9,graph:match_poly,273187,24277,False,267733,0.9800356532338654,190,4.587029495698008,18.05952930696025
conn_m4_n9,graph:n_perfect_match,273187,64,False,273174,0.9999524135482288,262791,17.663596827530732,18.05952930696025
conn_m4_n9,graph:taus,273187,55784,False,248155,0.9083704568665419,382,3.6901789794867637,18.05952930696025
conn_m4_n9,graph:sombor,273187,54954,False,250662,0.9175473210657901,310,3.529040617027076,18.05952930696025
conn_m4_n9,graph:sombor_inv,273187,50577,False,252521,0.9243521836690618,357,3.7781474179784826,18.05952930696025
conn_m4_n9,graph:sombor_sq,273187,1228,False,273088,0.9996376108672814,3397,9.18314925604936,18.05952930696025
conn_m4_n9,graph:sombor_red,273187,54579,False,250846,0.9182208523831661,310,3.545337087333715,18.05952930696025
conn_m4_n9,graph:randic,273187,50095,False,252821,0.925450332556088,357,3.7920124541682587,18.05952930696025
conn_m4_n9,graph:abc,273187,54548,False,250974,0.9186893959082972,310,3.537332727400025,18.05952930696025
conn_m4_n9,graph:m1,273187,229,False,273170,0.9999377715630685,5001,11.349812832412372,18.05952930696025
conn_m4_n9,graph:m2,273187,1355,False,273037,0.999450925556487,938,8.69862642570484,18.05952930696025
conn_m4_n9,graph:forgotten,273187,1228,False,273088,0.9996376108672814,3397,9.18314925604936,18.05952930696025
conn_m4_n9,graph:harmonic,273187,18845,False,267272,0.9783481644441353,496,5.663453894757386,18.05952930696025
conn_m4_n9,graph:ga,273187,53688,False,251295,0.9198644152174151,310,3.579628538464479,18.05952930696025
conn_m4_n9,graph:sum_conn,273187,43633,False,256815,0.9400703547386955,310,3.979028769111519,18.05952930696025
conn_m4_n9,graph:isi,273187,49443,False,254510,0.931632910790045,310,3.6825515098881496,18.05952930696025
conn_m4_n9,graph:az,273187,54621,False,250941,0.9185685995307243,310,3.5356522612501893,18.05952930696025
conn_m4_n9,graph:adj_spec,273187,247444,False,48348,0.17697767463312675,10,0.1987952711798531,18.05952930696025
conn_m4_n9,graph:lap_spec,273187,250488,False,42286,0.1547877461226193,9,0.17647230108512965,18.05952930696025
conn_m4_n9,graph:q_spec,273187,263449,False,18766,0.06869287337977283,5,0.07343765225671076,18.05952930696025
conn_m4_n9,graph:adj_charpoly,273187,247444,False,48348,0.17697767463312675,10,0.1987952711798531,18.05952930696025
conn_m4_n9,graph:lap_charpoly,273187,250486,False,42290,0.15480238810777966,9,0.17648694307028998,18.05952930696025
conn_m4_n9,graph:energy,273187,244381,False,53103,0.19438333449249048,42,0.2279782825892165,18.05952930696025
conn_m4_n9,graph:spectral_radius,273187,237066,False,62388,0.22837104254594837,128,0.31857812142233977,18.05952930696025
conn_m4_n9,graph:wiener,273187,106,False,273177,0.9999633950370991,22163,13.414714088759892,18.05952930696025
